2015-12-31 16:50:00.088715,TRACE_DYNAMICS,str, 1463, esc,1497, aa, -16, -36, -25, heading, -6.56,rpm,350,0, 0,0,ping,73.12,odo,-39,ms,330740,us,330740331,ypr,6.56, -2.03, 0.78
2015-12-31 16:50:00.108660,TRACE_DYNAMICS,str, 1462, esc,1496, aa, -22, -34, -20, heading, -6.57,rpm,550,0, 0,0,ping,73.12,odo,-39,ms,330760,us,330760328,ypr,6.57, -2.03, 0.79
2015-12-31 16:50:00.127718,TRACE_DYNAMICS,str, 1462, esc,1497, aa, -24, -32, -19, heading, -6.57,rpm,350,0, 0,0,ping,73.12,odo,-39,ms,330780,us,330780330,ypr,6.57, -2.03, 0.79
2015-12-31 16:50:00.146844,TRACE_DYNAMICS,str, 1463, esc,1497, aa, -15, -37, -23, heading, -6.57,rpm,500,0, 0,0,ping,73.12,odo,-39,ms,330800,us,330800332,ypr,6.57, -2.03, 0.79
2015-12-31 16:50:00.165892,TRACE_DYNAMICS,str, 1460, esc,1495, aa, -19, -37, -27, heading, -6.56,rpm,400,0, 0,0,ping,73.12,odo,-39,ms,330820,us,330820334,ypr,6.56, -2.03, 0.78
2015-12-31 16:50:00.184913,TRACE_DYNAMICS,str, 1460, esc,1497, aa, -18, -31, -22, heading, -6.56,rpm,400,0, 0,0,ping,73.12,odo,-39,ms,330840,us,330840334,ypr,6.56, -2.03, 0.78
2015-12-31 16:50:00.203928,TRACE_DYNAMICS,str, 1463, esc,1497, aa, -15, -30, -26, heading, -6.57,rpm,500,0, 0,0,ping,73.12,odo,-39,ms,330860,us,330860331,ypr,6.57, -2.03, 0.79
2015-12-31 16:50:00.233052,TRACE_DYNAMICS,str, 1462, esc,1497, aa, -14, -38, -21, heading, -6.56,rpm,350,0, 0,0,ping,73.12,odo,-39,ms,330880,us,330880338,ypr,6.56, -2.03, 0.78
2015-12-31 16:50:00.252035,TRACE_DYNAMICS,str, 1462, esc,1496, aa, -15, -36, -19, heading, -6.56,rpm,500,0, 0,0,ping,73.12,odo,-39,ms,330900,us,330900329,ypr,6.56, -2.03, 0.78
2015-12-31 16:50:00.271014,TRACE_DYNAMICS,str, 1462, esc,1496, aa, -15, -34, -20, heading, -6.56,rpm,400,0, 0,0,ping,72.80,odo,-39,ms,330920,us,330920332,ypr,6.56, -2.03, 0.78
2015-12-31 16:50:00.289936,TRACE_DYNAMICS,str, 1462, esc,1496, aa, -10, -29, -16, heading, -6.56,rpm,500,0, 0,0,ping,72.80,odo,-39,ms,330940,us,330940329,ypr,6.56, -2.03, 0.78
2015-12-31 16:50:00.308835,TRACE_DYNAMICS,str, 1462, esc,1496, aa, -5, -34, -16, heading, -6.56,rpm,400,0, 0,0,ping,72.80,odo,-39,ms,330960,us,330960325,ypr,6.56, -2.03, 0.78
2015-12-31 16:50:00.327734,TRACE_DYNAMICS,str, 1460, esc,1496, aa, -6, -33, -19, heading, -6.56,rpm,450,0, 0,0,ping,72.80,odo,-39,ms,330980,us,330980331,ypr,6.56, -2.03, 0.78
2015-12-31 16:50:00.346710,TRACE_DYNAMICS,str, 1462, esc,1497, aa, -11, -31, -18, heading, -6.56,rpm,500,0, 0,0,ping,72.80,odo,-39,ms,331000,us,331000327,ypr,6.56, -2.03, 0.78
2015-12-31 16:50:00.365697,TRACE_DYNAMICS,str, 1462, esc,1497, aa, -11, -35, -19, heading, -6.56,rpm,500,0, 0,0,ping,73.28,odo,-39,ms,331020,us,331020328,ypr,6.56, -2.03, 0.78
2015-12-31 16:50:00.384673,TRACE_DYNAMICS,str, 1462, esc,1496, aa, -16, -37, -22, heading, -6.56,rpm,500,0, 0,0,ping,73.28,odo,-39,ms,331040,us,331040328,ypr,6.56, -2.03, 0.78
2015-12-31 16:50:00.403661,TRACE_DYNAMICS,str, 1463, esc,1496, aa, -16, -32, -26, heading, -6.56,rpm,450,0, 0,0,ping,73.28,odo,-39,ms,331060,us,331060335,ypr,6.56, -2.03, 0.78
2015-12-31 16:50:00.432765,TRACE_DYNAMICS,str, 1463, esc,1497, aa, -18, -32, -32, heading, -6.56,rpm,500,0, 0,0,ping,73.28,odo,-39,ms,331080,us,331080331,ypr,6.56, -2.03, 0.79
2015-12-31 16:50:00.451722,TRACE_DYNAMICS,str, 1463, esc,1497, aa, -24, -33, -30, heading, -6.56,rpm,500,0, 0,0,ping,73.28,odo,-39,ms,331100,us,331100338,ypr,6.56, -2.03, 0.79
2015-12-31 16:50:00.470673,TRACE_DYNAMICS,str, 1463, esc,1497, aa, -16, -37, -34, heading, -6.57,rpm,450,0, 0,0,ping,72.96,odo,-39,ms,331120,us,331120331,ypr,6.57, -2.03, 0.79
2015-12-31 16:50:00.489570,TRACE_DYNAMICS,str, 1462, esc,1496, aa, -23, -30, -31, heading, -6.57,rpm,450,0, 0,0,ping,72.96,odo,-39,ms,331140,us,331140324,ypr,6.57, -2.03, 0.79
2015-12-31 16:50:00.508505,TRACE_DYNAMICS,str, 1462, esc,1497, aa, -22, -27, -23, heading, -6.57,rpm,350,0, 0,0,ping,72.96,odo,-39,ms,331160,us,331160326,ypr,6.57, -2.03, 0.79
2015-12-31 16:50:00.527551,TRACE_DYNAMICS,str, 1460, esc,1496, aa, -20, -33, -33, heading, -6.56,rpm,500,0, 0,0,ping,72.96,odo,-39,ms,331180,us,331180334,ypr,6.56, -2.03, 0.79
2015-12-31 16:50:00.546610,TRACE_DYNAMICS,str, 1463, esc,1496, aa, -22, -32, -29, heading, -6.57,rpm,400,0, 0,0,ping,72.96,odo,-39,ms,331200,us,331200332,ypr,6.57, -2.03, 0.79
2015-12-31 16:50:00.565679,TRACE_DYNAMICS,str, 1462, esc,1496, aa, -14, -32, -27, heading, -6.57,rpm,500,0, 0,0,ping,72.80,odo,-39,ms,331220,us,331220330,ypr,6.57, -2.03, 0.79
2015-12-31 16:50:00.584753,TRACE_DYNAMICS,str, 1461, esc,1497, aa, -17, -36, -24, heading, -6.57,rpm,350,0, 0,0,ping,72.80,odo,-39,ms,331240,us,331240329,ypr,6.57, -2.03, 0.79
2015-12-31 16:50:00.603799,TRACE_DYNAMICS,str, 1462, esc,1497, aa, -19, -38, -23, heading, -6.57,rpm,450,0, 0,0,ping,72.80,odo,-39,ms,331260,us,331260322,ypr,6.57, -2.03, 0.79
2015-12-31 16:50:00.633047,TRACE_DYNAMICS,str, 1462, esc,1496, aa, -25, -37, -35, heading, -6.57,rpm,450,0, 0,0,ping,72.80,odo,-39,ms,331280,us,331280328,ypr,6.57, -2.03, 0.79
2015-12-31 16:50:00.652101,TRACE_DYNAMICS,str, 1463, esc,1497, aa, -13, -33, -42, heading, -6.56,rpm,400,0, 0,0,ping,72.80,odo,-39,ms,331300,us,331300330,ypr,6.56, -2.03, 0.78
2015-12-31 16:50:00.671090,TRACE_DYNAMICS,str, 1462, esc,1496, aa, -16, -31, -40, heading, -6.56,rpm,500,0, 0,0,ping,73.12,odo,-39,ms,331320,us,331320334,ypr,6.56, -2.02, 0.78
2015-12-31 16:50:00.690027,TRACE_DYNAMICS,str, 1462, esc,1496, aa, -20, -30, -26, heading, -6.56,rpm,450,0, 0,0,ping,73.12,odo,-39,ms,331340,us,331340334,ypr,6.56, -2.02, 0.78
2015-12-31 16:50:00.709044,TRACE_DYNAMICS,str, 1462, esc,1496, aa, -15, -30, -18, heading, -6.56,rpm,500,0, 0,0,ping,73.12,odo,-39,ms,331360,us,331360337,ypr,6.56, -2.03, 0.78
2015-12-31 16:50:00.728079,TRACE_DYNAMICS,str, 1463, esc,1497, aa, -20, -31, -19, heading, -6.56,rpm,500,0, 0,0,ping,73.12,odo,-39,ms,331380,us,331380333,ypr,6.56, -2.03, 0.79
2015-12-31 16:50:00.747119,TRACE_DYNAMICS,str, 1463, esc,1497, aa, -20, -38, -27, heading, -6.56,rpm,500,0, 0,0,ping,73.12,odo,-39,ms,331400,us,331400327,ypr,6.56, -2.02, 0.79
2015-12-31 16:50:00.766129,TRACE_DYNAMICS,str, 1463, esc,1496, aa, -17, -32, -26, heading, -6.56,rpm,500,0, 0,0,ping,79.91,odo,-39,ms,331420,us,331420328,ypr,6.56, -2.02, 0.79
2015-12-31 16:50:00.785149,TRACE_DYNAMICS,str, 1462, esc,1496, aa, -14, -30, -19, heading, -6.56,rpm,350,0, 0,0,ping,79.91,odo,-39,ms,331440,us,331440332,ypr,6.56, -2.02, 0.79
2015-12-31 16:50:00.804159,TRACE_DYNAMICS,str, 1462, esc,1496, aa, -10, -31, -22, heading, -6.56,rpm,500,0, 0,0,ping,79.91,odo,-39,ms,331460,us,331460334,ypr,6.56, -2.02, 0.79
2015-12-31 16:50:00.833327,TRACE_DYNAMICS,str, 1462, esc,1497, aa, -16, -30, -17, heading, -6.56,rpm,400,0, 0,0,ping,79.91,odo,-39,ms,331480,us,331480334,ypr,6.56, -2.03, 0.79
2015-12-31 16:50:00.852349,TRACE_DYNAMICS,str, 1462, esc,1496, aa, -14, -27, -16, heading, -6.56,rpm,500,0, 0,0,ping,79.91,odo,-39,ms,331500,us,331500332,ypr,6.56, -2.03, 0.79
2015-12-31 16:50:00.871345,TRACE_DYNAMICS,str, 1462, esc,1496, aa, -15, -28, -21, heading, -6.56,rpm,350,0, 0,0,ping,72.80,odo,-39,ms,331520,us,331520334,ypr,6.56, -2.03, 0.79
2015-12-31 16:50:00.890346,TRACE_DYNAMICS,str, 1462, esc,1497, aa, -15, -32, -24, heading, -6.56,rpm,400,0, 0,0,ping,72.80,odo,-39,ms,331540,us,331540331,ypr,6.56, -2.03, 0.79
2015-12-31 16:50:00.909285,TRACE_DYNAMICS,str, 1463, esc,1497, aa, -18, -37, -30, heading, -6.56,rpm,500,0, 0,0,ping,72.80,odo,-39,ms,331560,us,331560339,ypr,6.56, -2.03, 0.79
2015-12-31 16:50:00.928289,TRACE_DYNAMICS,str, 1461, esc,1497, aa, -21, -36, -36, heading, -6.56,rpm,400,0, 0,0,ping,72.80,odo,-39,ms,331580,us,331580325,ypr,6.56, -2.02, 0.79
2015-12-31 16:50:00.947284,TRACE_DYNAMICS,str, 1462, esc,1497, aa, -18, -33, -33, heading, -6.56,rpm,500,0, 0,0,ping,72.80,odo,-39,ms,331600,us,331600329,ypr,6.56, -2.02, 0.79
2015-12-31 16:50:00.966266,TRACE_DYNAMICS,str, 1460, esc,1496, aa, -17, -36, -32, heading, -6.56,rpm,350,0, 0,0,ping,72.80,odo,-39,ms,331620,us,331620333,ypr,6.56, -2.02, 0.79
2015-12-31 16:50:00.985312,TRACE_DYNAMICS,str, 1462, esc,1496, aa, -14, -36, -41, heading, -6.56,rpm,500,0, 0,0,ping,72.80,odo,-39,ms,331640,us,331640323,ypr,6.56, -2.02, 0.79
2015-12-31 16:50:01.004303,TRACE_DYNAMICS,str, 1462, esc,1497, aa, -19, -38, -41, heading, -6.56,rpm,500,0, 0,0,ping,72.80,odo,-39,ms,331660,us,331660323,ypr,6.56, -2.02, 0.79
2015-12-31 16:50:01.033487,TRACE_DYNAMICS,str, 1462, esc,1496, aa, -5, -39, -33, heading, -6.56,rpm,500,0, 0,0,ping,72.80,odo,-39,ms,331680,us,331680324,ypr,6.56, -2.02, 0.79
2015-12-31 16:50:01.052574,TRACE_DYNAMICS,str, 1463, esc,1497, aa, -8, -44, -36, heading, -6.56,rpm,500,0, 0,0,ping,72.80,odo,-39,ms,331700,us,331700326,ypr,6.56, -2.02, 0.78
2015-12-31 16:50:01.071558,TRACE_DYNAMICS,str, 1463, esc,1497, aa, -7, -36, -34, heading, -6.56,rpm,450,0, 0,0,ping,73.45,odo,-39,ms,331720,us,331720326,ypr,6.56, -2.02, 0.78
2015-12-31 16:50:01.090629,TRACE_DYNAMICS,str, 1462, esc,1496, aa, -12, -29, -23, heading, -6.56,rpm,500,0, 0,0,ping,73.45,odo,-39,ms,331740,us,331740328,ypr,6.56, -2.02, 0.79
2015-12-31 16:50:01.109498,TRACE_DYNAMICS,str, 1462, esc,1496, aa, -8, -32, -24, heading, -6.56,rpm,400,0, 0,0,ping,73.45,odo,-39,ms,331760,us,331760331,ypr,6.56, -2.02, 0.79
2015-12-31 16:50:01.128431,TRACE_DYNAMICS,str, 1463, esc,1497, aa, -8, -41, -26, heading, -6.56,rpm,500,0, 0,0,ping,73.45,odo,-39,ms,331780,us,331780328,ypr,6.56, -2.02, 0.79
2015-12-31 16:50:01.147366,TRACE_DYNAMICS,str, 1463, esc,1497, aa, -6, -36, -34, heading, -6.56,rpm,350,0, 0,0,ping,73.45,odo,-39,ms,331800,us,331800329,ypr,6.56, -2.02, 0.79
2015-12-31 16:50:01.166306,TRACE_DYNAMICS,str, 1462, esc,1499, aa, -7, -39, -38, heading, -6.56,rpm,450,0, 0,0,ping,73.29,odo,-39,ms,331820,us,331820328,ypr,6.56, -2.02, 0.79
2015-12-31 16:50:01.185307,TRACE_DYNAMICS,str, 1462, esc,1499, aa, -17, -36, -35, heading, -6.56,rpm,450,0, 0,0,ping,73.29,odo,-39,ms,331840,us,331840326,ypr,6.56, -2.02, 0.79
2015-12-31 16:50:01.204308,TRACE_DYNAMICS,str, 1462, esc,1498, aa, -27, -35, -32, heading, -6.56,rpm,400,0, 0,0,ping,73.29,odo,-39,ms,331860,us,331860331,ypr,6.56, -2.02, 0.79
2015-12-31 16:50:01.233500,TRACE_DYNAMICS,str, 1462, esc,1498, aa, -24, -33, -28, heading, -6.56,rpm,500,0, 0,0,ping,73.29,odo,-39,ms,331880,us,331880330,ypr,6.56, -2.02, 0.78
2015-12-31 16:50:01.252547,TRACE_DYNAMICS,str, 1462, esc,1498, aa, -24, -26, -34, heading, -6.56,rpm,350,0, 0,0,ping,73.29,odo,-39,ms,331900,us,331900327,ypr,6.56, -2.01, 0.79
2015-12-31 16:50:01.271548,TRACE_DYNAMICS,str, 1460, esc,1498, aa, -23, -28, -32, heading, -6.56,rpm,500,0, 0,0,ping,72.63,odo,-39,ms,331920,us,331920323,ypr,6.56, -2.01, 0.79
2015-12-31 16:50:01.290524,TRACE_DYNAMICS,str, 1463, esc,1507, aa, -25, -22, -31, heading, -6.56,rpm,400,0, 0,0,ping,72.63,odo,-39,ms,331940,us,331940323,ypr,6.56, -2.01, 0.79
2015-12-31 16:50:01.309434,TRACE_DYNAMICS,str, 1462, esc,1517, aa, -25, -31, -31, heading, -6.56,rpm,400,0, 0,0,ping,72.63,odo,-39,ms,331960,us,331960324,ypr,6.56, -2.01, 0.79
2015-12-31 16:50:01.328425,TRACE_DYNAMICS,str, 1462, esc,1518, aa, -27, -31, -35, heading, -6.56,rpm,450,0, 0,0,ping,72.63,odo,-39,ms,331980,us,331980331,ypr,6.56, -2.01, 0.79
2015-12-31 16:50:01.347426,TRACE_DYNAMICS,str, 1463, esc,1519, aa, -26, -30, -37, heading, -6.56,rpm,500,0, 0,0,ping,72.63,odo,-39,ms,332000,us,332000326,ypr,6.56, -2.01, 0.79
2015-12-31 16:50:01.366435,TRACE_DYNAMICS,str, 1463, esc,1519, aa, -17, -25, -33, heading, -6.56,rpm,500,0, 0,0,ping,73.11,odo,-39,ms,332020,us,332020333,ypr,6.56, -2.01, 0.79
2015-12-31 16:50:01.385433,TRACE_DYNAMICS,str, 1462, esc,1518, aa, -11, -27, -22, heading, -6.56,rpm,500,0, 0,0,ping,73.11,odo,-39,ms,332040,us,332040331,ypr,6.56, -2.01, 0.79
2015-12-31 16:50:01.404355,TRACE_DYNAMICS,str, 1461, esc,1521, aa, -9, -30, -22, heading, -6.56,rpm,500,0, 0,0,ping,73.11,odo,-39,ms,332060,us,332060324,ypr,6.56, -2.01, 0.79
2015-12-31 16:50:01.433486,TRACE_DYNAMICS,str, 1462, esc,1520, aa, -9, -30, -28, heading, -6.56,rpm,450,0, 0,0,ping,73.11,odo,-39,ms,332080,us,332080335,ypr,6.56, -2.01, 0.79
2015-12-31 16:50:01.452515,TRACE_DYNAMICS,str, 1462, esc,1521, aa, -12, -30, -27, heading, -6.56,rpm,500,0, 0,0,ping,73.11,odo,-39,ms,332100,us,332100334,ypr,6.56, -2.01, 0.79
2015-12-31 16:50:01.471500,TRACE_DYNAMICS,str, 1462, esc,1520, aa, -15, -32, -18, heading, -6.56,rpm,500,0, 0,0,ping,72.96,odo,-39,ms,332120,us,332120322,ypr,6.56, -2.01, 0.79
2015-12-31 16:50:01.490580,TRACE_DYNAMICS,str, 1460, esc,1561, aa, -20, -31, -18, heading, -6.56,rpm,400,400, 8,8,ping,72.96,odo,-39,ms,332140,us,332140324,ypr,6.56, -2.01, 0.79
2015-12-31 16:50:01.509725,TRACE_DYNAMICS,str, 1462, esc,1565, aa, -18, -33, -20, heading, -6.56,rpm,500,500, 10,18,ping,72.96,odo,-39,ms,332160,us,332160328,ypr,6.56, -2.01, 0.79
2015-12-31 16:50:01.528842,TRACE_DYNAMICS,str, 1462, esc,1566, aa, -16, -32, -23, heading, -6.56,rpm,200,200, 4,22,ping,72.96,odo,-39,ms,332180,us,332180330,ypr,6.56, -2.01, 0.79
2015-12-31 16:50:01.547831,TRACE_DYNAMICS,str, 1462, esc,1566, aa, -14, -19, -17, heading, -6.56,rpm,0,0, 0,22,ping,72.96,odo,-39,ms,332200,us,332200326,ypr,6.56, -2.01, 0.80
2015-12-31 16:50:01.566955,TRACE_DYNAMICS,str, 1460, esc,1566, aa, 33, -14, 34, heading, -6.56,rpm,700,700, 14,36,ping,51.64,odo,-39,ms,332220,us,332220332,ypr,6.56, -2.01, 0.81
2015-12-31 16:50:01.586267,TRACE_DYNAMICS,str, 1463, esc,1565, aa, 110, -168, 1286, heading, -6.57,rpm,200,200, 4,40,ping,51.64,odo,-38,ms,332240,us,332240333,ypr,6.57, -2.18, 0.79
2015-12-31 16:50:01.605350,TRACE_DYNAMICS,str, 1463, esc,1562, aa, 452, -149, 3350, heading, -6.62,rpm,0,0, 0,40,ping,51.64,odo,-37,ms,332260,us,332260324,ypr,6.62, -2.93, 0.77
2015-12-31 16:50:01.624441,TRACE_DYNAMICS,str, 1462, esc,1562, aa, 647, -246, 4478, heading, -6.65,rpm,0,0, 0,40,ping,51.64,odo,-35,ms,332280,us,332280327,ypr,6.65, -3.63, 0.78
2015-12-31 16:50:01.654028,TRACE_DYNAMICS,str, 1462, esc,1563, aa, 531, -290, 4513, heading, -6.65,rpm,1300,1300, 26,66,ping,51.64,odo,-32,ms,332300,us,332300340,ypr,6.65, -4.15, 0.78
2015-12-31 16:50:01.673332,TRACE_DYNAMICS,str, 1462, esc,1563, aa, 208, -316, 4246, heading, -6.64,rpm,800,800, 16,82,ping,61.54,odo,-29,ms,332320,us,332320334,ypr,6.64, -4.65, 0.80
2015-12-31 16:50:01.692580,TRACE_DYNAMICS,str, 1462, esc,1562, aa, -44, -227, 3834, heading, -6.59,rpm,350,350, 7,89,ping,61.54,odo,-26,ms,332340,us,332340336,ypr,6.59, -4.97, 0.72
2015-12-31 16:50:01.711821,TRACE_DYNAMICS,str, 1460, esc,1562, aa, 477, -333, 3329, heading, -6.56,rpm,250,250, 5,94,ping,61.54,odo,-22,ms,332360,us,332360334,ypr,6.56, -5.03, 0.69
2015-12-31 16:50:01.731144,TRACE_DYNAMICS,str, 1461, esc,1559, aa, 1056, -411, 2992, heading, -6.57,rpm,200,200, 4,98,ping,61.54,odo,-17,ms,332380,us,332380336,ypr,6.57, -5.22, 0.74
2015-12-31 16:50:01.750459,TRACE_DYNAMICS,str, 1460, esc,1561, aa, 288, -212, 3346, heading, -6.58,rpm,150,150, 3,101,ping,61.54,odo,-13,ms,332400,us,332400334,ypr,6.58, -5.74, 0.79
2015-12-31 16:50:01.769702,TRACE_DYNAMICS,str, 1463, esc,1561, aa, -98, -163, 3576, heading, -6.57,rpm,200,200, 4,105,ping,68.00,odo,-7,ms,332420,us,332420330,ypr,6.57, -6.15, 0.78
2015-12-31 16:50:01.788952,TRACE_DYNAMICS,str, 1462, esc,1558, aa, 153, -220, 3177, heading, -6.58,rpm,250,250, 5,110,ping,68.00,odo,-2,ms,332440,us,332440336,ypr,6.58, -6.35, 0.86
2015-12-31 16:50:01.808195,TRACE_DYNAMICS,str, 1461, esc,1559, aa, 409, -184, 3026, heading, -6.51,rpm,200,200, 4,114,ping,68.00,odo,4,ms,332460,us,332460328,ypr,6.51, -6.59, 0.84
2015-12-31 16:50:01.827620,TRACE_DYNAMICS,str, 1462, esc,1558, aa, -44, -60, 2857, heading, -6.44,rpm,200,200, 4,118,ping,68.00,odo,11,ms,332480,us,332480327,ypr,6.44, -6.82, 0.90
2015-12-31 16:50:01.847141,TRACE_DYNAMICS,str, 1463, esc,1559, aa, -1289, 235, 2562, heading, -6.34,rpm,250,250, 5,123,ping,68.00,odo,18,ms,332500,us,332500330,ypr,6.34, -6.64, 0.85
2015-12-31 16:50:01.866574,TRACE_DYNAMICS,str, 1462, esc,1559, aa, -1783, 461, 2586, heading, -6.26,rpm,250,250, 5,128,ping,63.89,odo,24,ms,332520,us,332520329,ypr,6.26, -6.07, 0.83
2015-12-31 16:50:01.885928,TRACE_DYNAMICS,str, 1463, esc,1559, aa, 1574, -379, 1178, heading, -6.23,rpm,200,200, 4,132,ping,63.89,odo,31,ms,332540,us,332540332,ypr,6.23, -5.57, 0.88
2015-12-31 16:50:01.905226,TRACE_DYNAMICS,str, 1463, esc,1550, aa, 2172, -261, 900, heading, -6.29,rpm,300,300, 6,138,ping,63.89,odo,39,ms,332560,us,332560329,ypr,6.29, -5.78, 1.04
2015-12-31 16:50:01.924405,TRACE_DYNAMICS,str, 1463, esc,1507, aa, 373, 49, 1451, heading, -6.31,rpm,250,250, 5,143,ping,63.89,odo,47,ms,332580,us,332580324,ypr,6.31, -6.07, 1.03
2015-12-31 16:50:01.943700,TRACE_DYNAMICS,str, 1463, esc,1497, aa, -257, 222, 1518, heading, -6.32,rpm,250,250, 5,148,ping,63.89,odo,55,ms,332600,us,332600325,ypr,6.32, -6.16, 0.98
2015-12-31 16:50:01.973089,TRACE_DYNAMICS,str, 1463, esc,1495, aa, 500, -32, 1370, heading, -6.34,rpm,250,250, 5,153,ping,59.07,odo,63,ms,332620,us,332620325,ypr,6.34, -6.18, 1.01
2015-12-31 16:50:01.992398,TRACE_DYNAMICS,str, 1462, esc,1494, aa, 1079, -155, 912, heading, -6.35,rpm,350,350, 7,160,ping,59.07,odo,71,ms,332640,us,332640333,ypr,6.35, -6.16, 0.98
2015-12-31 16:50:02.011792,TRACE_DYNAMICS,str, 1463, esc,1495, aa, -306, -148, 100, heading, -6.36,rpm,150,150, 3,163,ping,59.07,odo,79,ms,332660,us,332660326,ypr,6.36, -5.90, 0.90
2015-12-31 16:50:02.031159,TRACE_DYNAMICS,str, 1463, esc,1495, aa, -655, 62, -1282, heading, -6.40,rpm,250,250, 5,168,ping,59.07,odo,87,ms,332680,us,332680331,ypr,6.40, -5.51, 0.98
2015-12-31 16:50:02.050402,TRACE_DYNAMICS,str, 1463, esc,1495, aa, -402, 2, -1624, heading, -6.42,rpm,200,200, 4,172,ping,59.07,odo,95,ms,332700,us,332700326,ypr,6.42, -5.27, 1.00
2015-12-31 16:50:02.069662,TRACE_DYNAMICS,str, 1462, esc,1494, aa, -377, 16, -1509, heading, -6.46,rpm,250,250, 5,177,ping,53.80,odo,102,ms,332720,us,332720339,ypr,6.46, -5.06, 1.05
2015-12-31 16:50:02.090502,TRACE_DYNAMICS,str, 1462, esc,1494, aa, -85, 261, -1538, heading, -6.49,rpm,200,200, 4,181,ping,53.80,odo,110,ms,332740,us,332740333,ypr,6.49, -4.73, 1.07
2015-12-31 16:50:02.111469,TRACE_DYNAMICS,str, 1463, esc,1495, aa, -1611, 320, -1047, heading, -6.54,rpm,150,150, 3,184,ping,53.80,odo,117,ms,332760,us,332760332,ypr,6.54, -4.86, 1.03
2015-12-31 16:50:02.132438,TRACE_DYNAMICS,str, 1456, esc,1494, aa, -1040, 459, -1365, heading, -6.61,rpm,300,300, 6,190,ping,53.80,odo,124,ms,332780,us,332780323,ypr,6.61, -5.57, 1.02
2015-12-31 16:50:02.153146,TRACE_DYNAMICS,str, 1432, esc,1495, aa, 652, 8, -1940, heading, -6.65,rpm,250,250, 5,195,ping,53.80,odo,131,ms,332800,us,332800329,ypr,6.65, -5.65, 1.03
2015-12-31 16:50:02.174006,TRACE_DYNAMICS,str, 1383, esc,1495, aa, 1985, -164, -1903, heading, -6.64,rpm,200,200, 4,199,ping,49.35,odo,137,ms,332820,us,332820333,ypr,6.64, -5.11, 1.11
2015-12-31 16:50:02.193357,TRACE_DYNAMICS,str, 1336, esc,1494, aa, -55, 266, -1209, heading, -6.61,rpm,250,250, 5,204,ping,49.35,odo,144,ms,332840,us,332840341,ypr,6.61, -4.91, 1.02
2015-12-31 16:50:02.212740,TRACE_DYNAMICS,str, 1258, esc,1495, aa, -1527, 260, -925, heading, -6.63,rpm,200,200, 4,208,ping,49.35,odo,150,ms,332860,us,332860339,ypr,6.63, -4.91, 0.96
2015-12-31 16:50:02.232220,TRACE_DYNAMICS,str, 1138, esc,1495, aa, -48, -269, -1481, heading, -6.65,rpm,300,300, 6,214,ping,49.35,odo,156,ms,332880,us,332880343,ypr,6.65, -4.71, 0.88
2015-12-31 16:50:02.251695,TRACE_DYNAMICS,str, 1119, esc,1495, aa, 851, -870, -1782, heading, -6.50,rpm,400,400, 8,222,ping,49.35,odo,161,ms,332900,us,332900339,ypr,6.50, -4.43, 0.64
2015-12-31 16:50:02.271298,TRACE_DYNAMICS,str, 1108, esc,1495, aa, -142, -1058, -1588, heading, -6.17,rpm,150,150, 3,225,ping,46.04,odo,166,ms,332920,us,332920342,ypr,6.17, -4.23, 0.34
2015-12-31 16:50:02.290783,TRACE_DYNAMICS,str, 1108, esc,1495, aa, -979, -1143, -1499, heading, -5.71,rpm,250,250, 5,230,ping,46.04,odo,171,ms,332940,us,332940344,ypr,5.71, -4.05, 0.18
2015-12-31 16:50:02.310243,TRACE_DYNAMICS,str, 1110, esc,1494, aa, -507, -1445, -1746, heading, -5.09,rpm,400,400, 8,238,ping,46.04,odo,176,ms,332960,us,332960338,ypr,5.09, -3.76, 0.04
2015-12-31 16:50:02.329736,TRACE_DYNAMICS,str, 1108, esc,1495, aa, -330, -1569, -1892, heading, -4.27,rpm,250,250, 5,243,ping,46.04,odo,180,ms,332980,us,332980342,ypr,4.27, -3.52, -0.17
2015-12-31 16:50:02.349223,TRACE_DYNAMICS,str, 1108, esc,1496, aa, -778, -1591, -1876, heading, -3.26,rpm,150,150, 3,246,ping,46.04,odo,185,ms,333000,us,333000337,ypr,3.26, -3.33, -0.34
2015-12-31 16:50:02.368748,TRACE_DYNAMICS,str, 1108, esc,1495, aa, -660, -1229, -1572, heading, -2.12,rpm,150,150, 3,249,ping,29.07,odo,189,ms,333020,us,333020333,ypr,2.12, -3.16, -0.35
2015-12-31 16:50:02.389752,TRACE_DYNAMICS,str, 1109, esc,1495, aa, -494, -800, -1283, heading, -0.96,rpm,250,250, 5,254,ping,29.07,odo,194,ms,333040,us,333040328,ypr,0.96, -3.06, -0.28
2015-12-31 16:50:02.410851,TRACE_DYNAMICS,str, 1108, esc,1494, aa, -148, -639, -1191, heading, 0.15,rpm,150,150, 3,257,ping,29.07,odo,198,ms,333060,us,333060327,ypr,-0.15, -2.93, -0.25
2015-12-31 16:50:02.431954,TRACE_DYNAMICS,str, 1108, esc,1495, aa, 113, -602, -1287, heading, 1.18,rpm,250,250, 5,262,ping,29.07,odo,202,ms,333080,us,333080330,ypr,-1.18, -2.79, -0.13
2015-12-31 16:50:02.453164,TRACE_DYNAMICS,str, 1108, esc,1494, aa, -240, -530, -1083, heading, 2.17,rpm,200,200, 4,266,ping,29.07,odo,206,ms,333100,us,333100329,ypr,-2.17, -2.69, -0.02
2015-12-31 16:50:02.474067,TRACE_DYNAMICS,str, 1108, esc,1495, aa, -518, -382, -1004, heading, 3.14,rpm,250,250, 5,271,ping,58.06,odo,210,ms,333120,us,333120339,ypr,-3.14, -2.60, 0.06
2015-12-31 16:50:02.493476,TRACE_DYNAMICS,str, 1110, esc,1494, aa, -249, -324, -998, heading, 4.07,rpm,350,350, 7,278,ping,58.06,odo,214,ms,333140,us,333140335,ypr,-4.07, -2.52, 0.13
2015-12-31 16:50:02.512929,TRACE_DYNAMICS,str, 1130, esc,1495, aa, -121, -319, -1040, heading, 4.96,rpm,400,400, 8,286,ping,58.06,odo,217,ms,333160,us,333160333,ypr,-4.96, -2.42, 0.17
2015-12-31 16:50:02.532284,TRACE_DYNAMICS,str, 1222, esc,1495, aa, -197, -248, -980, heading, 5.84,rpm,400,400, 8,294,ping,58.06,odo,221,ms,333180,us,333180329,ypr,-5.84, -2.32, 0.22
2015-12-31 16:50:02.551633,TRACE_DYNAMICS,str, 1282, esc,1494, aa, -268, -254, -879, heading, 6.68,rpm,350,350, 7,301,ping,58.06,odo,224,ms,333200,us,333200339,ypr,-6.68, -2.24, 0.25
2015-12-31 16:50:02.570981,TRACE_DYNAMICS,str, 1317, esc,1495, aa, -138, -294, -943, heading, 7.50,rpm,300,300, 6,307,ping,57.09,odo,227,ms,333220,us,333220326,ypr,-7.50, -2.16, 0.24
2015-12-31 16:50:02.590331,TRACE_DYNAMICS,str, 1316, esc,1495, aa, -94, -214, -896, heading, 8.29,rpm,500,500, 10,317,ping,57.09,odo,231,ms,333240,us,333240330,ypr,-8.29, -2.11, 0.27
2015-12-31 16:50:02.609476,TRACE_DYNAMICS,str, 1316, esc,1494, aa, -96, 33, -764, heading, 9.02,rpm,400,400, 8,325,ping,57.09,odo,234,ms,333260,us,333260330,ypr,-9.02, -2.05, 0.40
2015-12-31 16:50:02.628664,TRACE_DYNAMICS,str, 1318, esc,1495, aa, 46, 488, -530, heading, 9.61,rpm,400,400, 8,333,ping,57.09,odo,238,ms,333280,us,333280329,ypr,-9.61, -2.02, 0.64
2015-12-31 16:50:02.647904,TRACE_DYNAMICS,str, 1316, esc,1495, aa, -83, 913, -276, heading, 9.99,rpm,400,400, 8,341,ping,57.09,odo,241,ms,333300,us,333300326,ypr,-9.99, -2.04, 0.92
2015-12-31 16:50:02.667204,TRACE_DYNAMICS,str, 1325, esc,1499, aa, -5, 826, -311, heading, 10.17,rpm,400,400, 8,349,ping,38.68,odo,244,ms,333320,us,333320337,ypr,-10.17, -2.00, 1.12
2015-12-31 16:50:02.686599,TRACE_DYNAMICS,str, 1352, esc,1499, aa, -50, 416, -521, heading, 10.23,rpm,450,450, 9,358,ping,38.68,odo,247,ms,333340,us,333340347,ypr,-10.23, -1.87, 1.19
2015-12-31 16:50:02.705988,TRACE_DYNAMICS,str, 1372, esc,1499, aa, -212, -6, -751, heading, 10.29,rpm,450,450, 9,367,ping,38.68,odo,250,ms,333360,us,333360348,ypr,-10.29, -1.75, 1.23
2015-12-31 16:50:02.725408,TRACE_DYNAMICS,str, 1394, esc,1499, aa, 58, -229, -1018, heading, 10.40,rpm,400,400, 8,375,ping,38.68,odo,253,ms,333380,us,333380352,ypr,-10.40, -1.62, 1.24
2015-12-31 16:50:02.744899,TRACE_DYNAMICS,str, 1414, esc,1498, aa, 39, -266, -1039, heading, 10.62,rpm,550,550, 11,386,ping,38.68,odo,255,ms,333400,us,333400349,ypr,-10.62, -1.49, 1.19
2015-12-31 16:50:02.764352,TRACE_DYNAMICS,str, 1410, esc,1515, aa, -100, -81, -925, heading, 10.89,rpm,450,450, 9,395,ping,38.97,odo,257,ms,333420,us,333420344,ypr,-10.89, -1.40, 1.20
2015-12-31 16:50:02.783845,TRACE_DYNAMICS,str, 1413, esc,1543, aa, -234, 104, -795, heading, 11.12,rpm,500,500, 10,405,ping,38.97,odo,260,ms,333440,us,333440342,ypr,-11.12, -1.32, 1.22
2015-12-31 16:50:02.813365,TRACE_DYNAMICS,str, 1413, esc,1551, aa, -85, 468, -618, heading, 11.24,rpm,400,400, 8,413,ping,38.97,odo,262,ms,333460,us,333460350,ypr,-11.24, -1.28, 1.35
2015-12-31 16:50:02.832720,TRACE_DYNAMICS,str, 1414, esc,1551, aa, -39, 559, -494, heading, 11.26,rpm,350,350, 7,420,ping,38.97,odo,264,ms,333480,us,333480352,ypr,-11.26, -1.25, 1.45
2015-12-31 16:50:02.852127,TRACE_DYNAMICS,str, 1414, esc,1550, aa, -67, 140, -607, heading, 11.21,rpm,100,100, 2,422,ping,38.97,odo,267,ms,333500,us,333500357,ypr,-11.21, -1.17, 1.41
2015-12-31 16:50:02.871353,TRACE_DYNAMICS,str, 1414, esc,1551, aa, -51, -230, -726, heading, 11.19,rpm,0,0, 0,422,ping,66.53,odo,269,ms,333520,us,333520342,ypr,-11.19, -1.08, 1.31
2015-12-31 16:50:02.890667,TRACE_DYNAMICS,str, 1410, esc,1543, aa, -58, -224, -596, heading, 11.25,rpm,300,0, 0,422,ping,66.53,odo,271,ms,333540,us,333540337,ypr,-11.25, -1.03, 1.23
2015-12-31 16:50:02.909863,TRACE_DYNAMICS,str, 1411, esc,1527, aa, 224, -146, 40, heading, 11.38,rpm,100,0, 0,422,ping,66.53,odo,273,ms,333560,us,333560335,ypr,-11.38, -1.05, 1.20
2015-12-31 16:50:02.929044,TRACE_DYNAMICS,str, 1410, esc,1527, aa, 77, -99, 1117, heading, 11.50,rpm,500,0, 0,422,ping,66.53,odo,275,ms,333580,us,333580340,ypr,-11.50, -1.46, 1.09
2015-12-31 16:50:02.948401,TRACE_DYNAMICS,str, 1410, esc,1526, aa, -155, -265, 1876, heading, 11.62,rpm,350,0, 0,422,ping,66.53,odo,278,ms,333600,us,333600347,ypr,-11.62, -1.79, 1.06
2015-12-31 16:50:02.967708,TRACE_DYNAMICS,str, 1410, esc,1526, aa, 416, -403, 1101, heading, 11.71,rpm,200,0, 0,422,ping,65.14,odo,281,ms,333620,us,333620353,ypr,-11.71, -1.80, 1.10
2015-12-31 16:50:02.986908,TRACE_DYNAMICS,str, 1410, esc,1513, aa, -90, -393, 257, heading, 11.76,rpm,0,0, 0,422,ping,65.14,odo,284,ms,333640,us,333640341,ypr,-11.76, -1.72, 1.05
2015-12-31 16:50:03.006172,TRACE_DYNAMICS,str, 1415, esc,1499, aa, -465, -62, -94, heading, 11.87,rpm,300,0, 0,422,ping,65.14,odo,287,ms,333660,us,333660343,ypr,-11.87, -1.70, 1.14
2015-12-31 16:50:03.025506,TRACE_DYNAMICS,str, 1412, esc,1495, aa, -46, -42, -967, heading, 11.99,rpm,400,0, 0,422,ping,65.14,odo,289,ms,333680,us,333680342,ypr,-11.99, -1.45, 1.18
2015-12-31 16:50:03.044906,TRACE_DYNAMICS,str, 1415, esc,1495, aa, 341, -79, -1036, heading, 12.07,rpm,300,0, 0,422,ping,65.14,odo,291,ms,333700,us,333700338,ypr,-12.07, -1.34, 1.18
2015-12-31 16:50:03.064154,TRACE_DYNAMICS,str, 1414, esc,1494, aa, -62, 99, -713, heading, 12.17,rpm,400,0, 0,422,ping,63.50,odo,294,ms,333720,us,333720344,ypr,-12.17, -1.38, 1.17
2015-12-31 16:50:03.093561,TRACE_DYNAMICS,str, 1413, esc,1495, aa, -322, 67, -688, heading, 12.26,rpm,350,0, 0,422,ping,63.50,odo,296,ms,333740,us,333740344,ypr,-12.26, -1.30, 1.13
2015-12-31 16:50:03.112916,TRACE_DYNAMICS,str, 1414, esc,1494, aa, -100, -132, -847, heading, 12.34,rpm,400,0, 0,422,ping,63.50,odo,298,ms,333760,us,333760344,ypr,-12.34, -1.20, 1.06
2015-12-31 16:50:03.132257,TRACE_DYNAMICS,str, 1417, esc,1495, aa, -144, -108, -766, heading, 12.43,rpm,350,0, 0,422,ping,63.50,odo,300,ms,333780,us,333780349,ypr,-12.43, -1.16, 1.04
2015-12-31 16:50:03.151535,TRACE_DYNAMICS,str, 1416, esc,1495, aa, -176, -15, -649, heading, 12.53,rpm,450,0, 0,422,ping,63.50,odo,302,ms,333800,us,333800352,ypr,-12.53, -1.11, 1.04
2015-12-31 16:50:03.170863,TRACE_DYNAMICS,str, 1416, esc,1497, aa, -178, -108, -651, heading, 12.61,rpm,450,0, 0,422,ping,29.17,odo,304,ms,333820,us,333820342,ypr,-12.61, -1.03, 1.00
2015-12-31 16:50:03.190205,TRACE_DYNAMICS,str, 1415, esc,1497, aa, -113, -151, -693, heading, 12.65,rpm,400,0, 0,422,ping,29.17,odo,306,ms,333840,us,333840341,ypr,-12.65, -0.98, 0.98
2015-12-31 16:50:03.209457,TRACE_DYNAMICS,str, 1415, esc,1498, aa, -143, -50, -674, heading, 12.72,rpm,400,0, 0,422,ping,29.17,odo,307,ms,333860,us,333860350,ypr,-12.72, -0.95, 0.97
2015-12-31 16:50:03.228644,TRACE_DYNAMICS,str, 1414, esc,1507, aa, -74, 36, -651, heading, 12.80,rpm,500,0, 0,422,ping,29.17,odo,309,ms,333880,us,333880344,ypr,-12.80, -0.90, 0.99
2015-12-31 16:50:03.248079,TRACE_DYNAMICS,str, 1416, esc,1557, aa, -107, -84, -612, heading, 12.86,rpm,400,400, 8,430,ping,29.17,odo,311,ms,333900,us,333900353,ypr,-12.86, -0.88, 0.94
2015-12-31 16:50:03.267512,TRACE_DYNAMICS,str, 1417, esc,1577, aa, -40, -192, -652, heading, 12.90,rpm,450,450, 9,439,ping,61.28,odo,312,ms,333920,us,333920348,ypr,-12.90, -0.84, 0.92
2015-12-31 16:50:03.287058,TRACE_DYNAMICS,str, 1414, esc,1580, aa, -114, -130, -675, heading, 12.94,rpm,500,500, 10,449,ping,61.28,odo,314,ms,333940,us,333940343,ypr,-12.94, -0.80, 0.91
2015-12-31 16:50:03.306160,TRACE_DYNAMICS,str, 1413, esc,1580, aa, -83, 20, -685, heading, 13.00,rpm,0,0, 0,449,ping,61.28,odo,315,ms,333960,us,333960337,ypr,-13.00, -0.74, 0.94
2015-12-31 16:50:03.325251,TRACE_DYNAMICS,str, 1414, esc,1574, aa, -89, -7, -552, heading, 13.07,rpm,0,0, 0,449,ping,61.28,odo,316,ms,333980,us,333980338,ypr,-13.07, -0.69, 0.94
2015-12-31 16:50:03.344446,TRACE_DYNAMICS,str, 1414, esc,1563, aa, 25, -167, -298, heading, 13.13,rpm,0,0, 0,449,ping,61.28,odo,318,ms,334000,us,334000348,ypr,-13.13, -0.71, 0.92
2015-12-31 16:50:03.373673,TRACE_DYNAMICS,str, 1414, esc,1513, aa, 35, -154, 635, heading, 13.18,rpm,0,0, 0,449,ping,60.07,odo,319,ms,334020,us,334020337,ypr,-13.18, -0.95, 0.92
2015-12-31 16:50:03.392979,TRACE_DYNAMICS,str, 1415, esc,1497, aa, -56, -166, 1663, heading, 13.24,rpm,100,0, 0,449,ping,60.07,odo,321,ms,334040,us,334040342,ypr,-13.24, -1.39, 0.92
2015-12-31 16:50:03.412286,TRACE_DYNAMICS,str, 1414, esc,1497, aa, 257, -286, 1912, heading, 13.34,rpm,500,0, 0,449,ping,60.07,odo,324,ms,334060,us,334060347,ypr,-13.34, -1.58, 1.02
2015-12-31 16:50:03.431619,TRACE_DYNAMICS,str, 1414, esc,1495, aa, 328, -154, 1776, heading, 13.46,rpm,300,0, 0,449,ping,60.07,odo,326,ms,334080,us,334080346,ypr,-13.46, -1.72, 1.03
2015-12-31 16:50:03.450880,TRACE_DYNAMICS,str, 1414, esc,1495, aa, -43, -140, 962, heading, 13.51,rpm,450,0, 0,449,ping,60.07,odo,329,ms,334100,us,334100343,ypr,-13.51, -1.75, 0.98
2015-12-31 16:50:03.470179,TRACE_DYNAMICS,str, 1414, esc,1495, aa, -146, -208, -51, heading, 13.53,rpm,350,0, 0,449,ping,59.33,odo,331,ms,334120,us,334120353,ypr,-13.53, -1.69, 0.98
2015-12-31 16:50:03.489331,TRACE_DYNAMICS,str, 1415, esc,1495, aa, -8, -81, -697, heading, 13.61,rpm,500,0, 0,449,ping,59.33,odo,333,ms,334140,us,334140346,ypr,-13.61, -1.53, 0.98
2015-12-31 16:50:03.508500,TRACE_DYNAMICS,str, 1414, esc,1494, aa, -34, 47, -716, heading, 13.71,rpm,450,0, 0,449,ping,59.33,odo,335,ms,334160,us,334160352,ypr,-13.71, -1.43, 1.00
2015-12-31 16:50:03.527683,TRACE_DYNAMICS,str, 1414, esc,1495, aa, -60, 64, -646, heading, 13.81,rpm,500,0, 0,449,ping,59.33,odo,337,ms,334180,us,334180340,ypr,-13.81, -1.34, 0.99
2015-12-31 16:50:03.546962,TRACE_DYNAMICS,str, 1414, esc,1495, aa, -238, -47, -693, heading, 13.89,rpm,500,0, 0,449,ping,59.33,odo,339,ms,334200,us,334200348,ypr,-13.89, -1.24, 0.93
2015-12-31 16:50:03.566275,TRACE_DYNAMICS,str, 1415, esc,1495, aa, -145, -92, -743, heading, 13.96,rpm,550,0, 0,449,ping,57.88,odo,341,ms,334220,us,334220344,ypr,-13.96, -1.15, 0.90
2015-12-31 16:50:03.585597,TRACE_DYNAMICS,str, 1415, esc,1495, aa, -130, -81, -668, heading, 14.04,rpm,450,0, 0,449,ping,57.88,odo,343,ms,334240,us,334240337,ypr,-14.04, -1.10, 0.88
2015-12-31 16:50:03.604861,TRACE_DYNAMICS,str, 1411, esc,1495, aa, -70, -79, -680, heading, 14.12,rpm,500,0, 0,449,ping,57.88,odo,344,ms,334260,us,334260338,ypr,-14.12, -1.02, 0.88
2015-12-31 16:50:03.634367,TRACE_DYNAMICS,str, 1412, esc,1494, aa, -156, -116, -677, heading, 14.17,rpm,500,0, 0,449,ping,57.88,odo,346,ms,334280,us,334280346,ypr,-14.17, -0.98, 0.86
2015-12-31 16:50:03.643539,TRACE_DYNAMICS,str, 1414, esc,1495, aa, -133, -133, -667, heading, 14.23,rpm,500,0, 0,449,ping,57.88,odo,348,ms,334300,us,334300337,ypr,-14.23, -0.95, 0.84
2015-12-31 16:50:03.672871,TRACE_DYNAMICS,str, 1415, esc,1495, aa, -9, -77, -678, heading, 14.28,rpm,450,0, 0,449,ping,56.86,odo,349,ms,334320,us,334320346,ypr,-14.28, -0.91, 0.84
2015-12-31 16:50:03.692110,TRACE_DYNAMICS,str, 1413, esc,1495, aa, -71, -53, -663, heading, 14.33,rpm,450,0, 0,449,ping,56.86,odo,350,ms,334340,us,334340349,ypr,-14.33, -0.85, 0.83
2015-12-31 16:50:03.711393,TRACE_DYNAMICS,str, 1414, esc,1495, aa, -123, -53, -632, heading, 14.34,rpm,550,0, 0,449,ping,56.86,odo,352,ms,334360,us,334360357,ypr,-14.34, -0.81, 0.82
2015-12-31 16:50:03.730667,TRACE_DYNAMICS,str, 1412, esc,1494, aa, -144, -59, -605, heading, 14.36,rpm,450,0, 0,449,ping,56.86,odo,353,ms,334380,us,334380344,ypr,-14.36, -0.77, 0.83
2015-12-31 16:50:03.749968,TRACE_DYNAMICS,str, 1415, esc,1495, aa, -132, -91, -617, heading, 14.40,rpm,500,0, 0,449,ping,56.86,odo,354,ms,334400,us,334400346,ypr,-14.40, -0.73, 0.81
2015-12-31 16:50:03.769342,TRACE_DYNAMICS,str, 1414, esc,1495, aa, -140, -97, -599, heading, 14.44,rpm,550,0, 0,449,ping,56.22,odo,355,ms,334420,us,334420341,ypr,-14.44, -0.69, 0.81
2015-12-31 16:50:03.788614,TRACE_DYNAMICS,str, 1417, esc,1495, aa, -85, -53, -563, heading, 14.47,rpm,450,0, 0,449,ping,56.22,odo,356,ms,334440,us,334440339,ypr,-14.47, -0.66, 0.82
2015-12-31 16:50:03.807931,TRACE_DYNAMICS,str, 1424, esc,1495, aa, -76, -50, -545, heading, 14.49,rpm,500,0, 0,449,ping,56.22,odo,357,ms,334460,us,334460342,ypr,-14.49, -0.61, 0.82
2015-12-31 16:50:03.827313,TRACE_DYNAMICS,str, 1429, esc,1495, aa, -93, -45, -532, heading, 14.51,rpm,500,0, 0,449,ping,56.22,odo,358,ms,334480,us,334480347,ypr,-14.51, -0.57, 0.81
2015-12-31 16:50:03.846602,TRACE_DYNAMICS,str, 1439, esc,1494, aa, -84, -33, -551, heading, 14.53,rpm,450,0, 0,449,ping,56.22,odo,359,ms,334500,us,334500341,ypr,-14.53, -0.53, 0.81
2015-12-31 16:50:03.865872,TRACE_DYNAMICS,str, 1447, esc,1495, aa, -74, -54, -548, heading, 14.55,rpm,500,0, 0,449,ping,55.82,odo,360,ms,334520,us,334520343,ypr,-14.55, -0.51, 0.81
2015-12-31 16:50:03.885132,TRACE_DYNAMICS,str, 1462, esc,1494, aa, -94, -79, -584, heading, 14.58,rpm,500,0, 0,449,ping,55.82,odo,360,ms,334540,us,334540348,ypr,-14.58, -0.44, 0.80
2015-12-31 16:50:03.904455,TRACE_DYNAMICS,str, 1462, esc,1494, aa, -131, -22, -571, heading, 14.60,rpm,450,0, 0,449,ping,55.82,odo,361,ms,334560,us,334560353,ypr,-14.60, -0.41, 0.80
2015-12-31 16:50:03.923661,TRACE_DYNAMICS,str, 1462, esc,1495, aa, -50, 60, -570, heading, 14.58,rpm,450,0, 0,449,ping,55.82,odo,362,ms,334580,us,334580349,ypr,-14.58, -0.35, 0.83
2015-12-31 16:50:03.953025,TRACE_DYNAMICS,str, 1460, esc,1493, aa, -97, 87, -485, heading, 14.55,rpm,150,0, 0,449,ping,55.82,odo,362,ms,334600,us,334600341,ypr,-14.55, -0.35, 0.86
2015-12-31 16:50:03.972256,TRACE_DYNAMICS,str, 1462, esc,1493, aa, -89, 66, -680, heading, 14.48,rpm,500,0, 0,449,ping,54.77,odo,363,ms,334620,us,334620348,ypr,-14.48, -0.28, 0.89
2015-12-31 16:50:03.991554,TRACE_DYNAMICS,str, 1463, esc,1493, aa, -52, -147, -751, heading, 14.41,rpm,500,0, 0,449,ping,54.77,odo,363,ms,334640,us,334640342,ypr,-14.41, -0.20, 0.85
2015-12-31 16:50:04.010907,TRACE_DYNAMICS,str, 1462, esc,1492, aa, -135, -275, -591, heading, 14.39,rpm,350,0, 0,449,ping,54.77,odo,363,ms,334660,us,334660355,ypr,-14.39, -0.20, 0.81
2015-12-31 16:50:04.030345,TRACE_DYNAMICS,str, 1462, esc,1492, aa, -162, -150, -601, heading, 14.43,rpm,400,0, 0,449,ping,54.77,odo,364,ms,334680,us,334680341,ypr,-14.43, -0.15, 0.80
2015-12-31 16:50:04.049568,TRACE_DYNAMICS,str, 1462, esc,1493, aa, -30, -4, -673, heading, 14.44,rpm,100,0, 0,449,ping,54.77,odo,364,ms,334700,us,334700349,ypr,-14.44, -0.09, 0.83
2015-12-31 16:50:04.068776,TRACE_DYNAMICS,str, 1462, esc,1492, aa, -151, -42, -739, heading, 14.42,rpm,0,0, 0,449,ping,54.81,odo,364,ms,334720,us,334720345,ypr,-14.42, -0.05, 0.81
2015-12-31 16:50:04.087974,TRACE_DYNAMICS,str, 1461, esc,1493, aa, -111, -114, -798, heading, 14.42,rpm,0,0, 0,449,ping,54.81,odo,364,ms,334740,us,334740343,ypr,-14.42, 0.02, 0.79
2015-12-31 16:50:04.107107,TRACE_DYNAMICS,str, 1462, esc,1493, aa, -107, -54, -714, heading, 14.44,rpm,0,0, 0,449,ping,54.81,odo,363,ms,334760,us,334760337,ypr,-14.44, 0.06, 0.80
2015-12-31 16:50:04.126264,TRACE_DYNAMICS,str, 1463, esc,1493, aa, -113, -30, -569, heading, 14.43,rpm,0,0, 0,449,ping,54.81,odo,363,ms,334780,us,334780342,ypr,-14.43, 0.07, 0.80
2015-12-31 16:50:04.145357,TRACE_DYNAMICS,str, 1463, esc,1493, aa, -53, -94, -429, heading, 14.42,rpm,0,0, 0,449,ping,54.81,odo,363,ms,334800,us,334800348,ypr,-14.42, 0.07, 0.79
2015-12-31 16:50:04.164550,TRACE_DYNAMICS,str, 1460, esc,1493, aa, -68, -92, -253, heading, 14.43,rpm,350,0, 0,449,ping,54.91,odo,363,ms,334820,us,334820351,ypr,-14.43, 0.04, 0.78
2015-12-31 16:50:04.183779,TRACE_DYNAMICS,str, 1463, esc,1493, aa, -41, -58, -139, heading, 14.42,rpm,250,0, 0,449,ping,54.91,odo,363,ms,334840,us,334840350,ypr,-14.42, 0.01, 0.78
2015-12-31 16:50:04.213060,TRACE_DYNAMICS,str, 1462, esc,1493, aa, -17, -77, -90, heading, 14.41,rpm,0,0, 0,449,ping,54.91,odo,362,ms,334860,us,334860358,ypr,-14.41, -0.03, 0.77
2015-12-31 16:50:04.232166,TRACE_DYNAMICS,str, 1463, esc,1493, aa, -45, -80, -45, heading, 14.41,rpm,0,0, 0,449,ping,54.91,odo,362,ms,334880,us,334880357,ypr,-14.41, -0.06, 0.77
2015-12-31 16:50:04.251277,TRACE_DYNAMICS,str, 1462, esc,1492, aa, -28, -82, -2, heading, 14.41,rpm,0,0, 0,449,ping,54.91,odo,362,ms,334900,us,334900360,ypr,-14.41, -0.10, 0.76
2015-12-31 16:50:04.270324,TRACE_DYNAMICS,str, 1460, esc,1493, aa, -34, -95, 32, heading, 14.40,rpm,0,0, 0,449,ping,55.03,odo,362,ms,334920,us,334920355,ypr,-14.40, -0.14, 0.75
2015-12-31 16:50:04.289327,TRACE_DYNAMICS,str, 1464, esc,1493, aa, -24, -89, 33, heading, 14.39,rpm,0,0, 0,449,ping,55.03,odo,362,ms,334940,us,334940360,ypr,-14.39, -0.18, 0.75
2015-12-31 16:50:04.308364,TRACE_DYNAMICS,str, 1462, esc,1493, aa, -16, -55, 27, heading, 14.40,rpm,0,0, 0,449,ping,55.03,odo,362,ms,334960,us,334960356,ypr,-14.40, -0.21, 0.75
2015-12-31 16:50:04.327420,TRACE_DYNAMICS,str, 1463, esc,1493, aa, -19, -62, 45, heading, 14.40,rpm,0,0, 0,449,ping,55.03,odo,362,ms,334980,us,334980359,ypr,-14.40, -0.25, 0.75
2015-12-31 16:50:04.346452,TRACE_DYNAMICS,str, 1464, esc,1493, aa, -22, -92, 50, heading, 14.40,rpm,0,0, 0,449,ping,55.03,odo,362,ms,335000,us,335000356,ypr,-14.40, -0.28, 0.74
2015-12-31 16:50:04.365545,TRACE_DYNAMICS,str, 1465, esc,1493, aa, -18, -101, 51, heading, 14.39,rpm,0,0, 0,449,ping,55.41,odo,362,ms,335020,us,335020352,ypr,-14.39, -0.32, 0.74
2015-12-31 16:50:04.384585,TRACE_DYNAMICS,str, 1463, esc,1493, aa, -17, -80, 41, heading, 14.39,rpm,0,0, 0,449,ping,55.41,odo,362,ms,335040,us,335040356,ypr,-14.39, -0.35, 0.74
2015-12-31 16:50:04.413754,TRACE_DYNAMICS,str, 1465, esc,1493, aa, -16, -78, 41, heading, 14.40,rpm,0,0, 0,449,ping,55.41,odo,362,ms,335060,us,335060346,ypr,-14.40, -0.38, 0.73
2015-12-31 16:50:04.432773,TRACE_DYNAMICS,str, 1464, esc,1493, aa, -11, -93, 50, heading, 14.40,rpm,0,0, 0,449,ping,55.41,odo,362,ms,335080,us,335080355,ypr,-14.40, -0.42, 0.73
2015-12-31 16:50:04.451784,TRACE_DYNAMICS,str, 1464, esc,1493, aa, -21, -85, 31, heading, 14.39,rpm,0,0, 0,449,ping,55.41,odo,362,ms,335100,us,335100351,ypr,-14.39, -0.44, 0.72
2015-12-31 16:50:04.470796,TRACE_DYNAMICS,str, 1464, esc,1493, aa, -16, -79, 19, heading, 14.39,rpm,0,0, 0,449,ping,55.41,odo,362,ms,335120,us,335120358,ypr,-14.39, -0.47, 0.72
2015-12-31 16:50:04.489788,TRACE_DYNAMICS,str, 1465, esc,1492, aa, -28, -80, -1, heading, 14.39,rpm,0,0, 0,449,ping,55.41,odo,362,ms,335140,us,335140360,ypr,-14.39, -0.50, 0.71
2015-12-31 16:50:04.508862,TRACE_DYNAMICS,str, 1465, esc,1493, aa, -21, -96, -24, heading, 14.40,rpm,0,0, 0,449,ping,55.41,odo,362,ms,335160,us,335160356,ypr,-14.40, -0.52, 0.70
2015-12-31 16:50:04.527948,TRACE_DYNAMICS,str, 1465, esc,1493, aa, -25, -87, -44, heading, 14.40,rpm,0,0, 0,449,ping,55.41,odo,362,ms,335180,us,335180356,ypr,-14.40, -0.54, 0.70
2015-12-31 16:50:04.547021,TRACE_DYNAMICS,str, 1464, esc,1493, aa, -20, -83, -69, heading, 14.40,rpm,0,0, 0,449,ping,55.41,odo,362,ms,335200,us,335200363,ypr,-14.40, -0.55, 0.70
2015-12-31 16:50:04.566096,TRACE_DYNAMICS,str, 1465, esc,1493, aa, -28, -85, -82, heading, 14.39,rpm,0,0, 0,449,ping,55.37,odo,362,ms,335220,us,335220355,ypr,-14.39, -0.56, 0.69
2015-12-31 16:50:04.585188,TRACE_DYNAMICS,str, 1465, esc,1493, aa, -36, -83, -92, heading, 14.40,rpm,0,0, 0,449,ping,55.37,odo,362,ms,335240,us,335240360,ypr,-14.40, -0.57, 0.69
2015-12-31 16:50:04.604279,TRACE_DYNAMICS,str, 1464, esc,1493, aa, -34, -74, -98, heading, 14.40,rpm,0,0, 0,449,ping,55.37,odo,362,ms,335260,us,335260361,ypr,-14.40, -0.59, 0.68
2015-12-31 16:50:04.633558,TRACE_DYNAMICS,str, 1465, esc,1493, aa, -44, -70, -110, heading, 14.40,rpm,0,0, 0,449,ping,55.37,odo,362,ms,335280,us,335280359,ypr,-14.40, -0.60, 0.68
2015-12-31 16:50:04.652696,TRACE_DYNAMICS,str, 1464, esc,1493, aa, -42, -73, -115, heading, 14.40,rpm,0,0, 0,449,ping,55.37,odo,362,ms,335300,us,335300349,ypr,-14.40, -0.61, 0.68
2015-12-31 16:50:04.671846,TRACE_DYNAMICS,str, 1464, esc,1493, aa, -42, -76, -123, heading, 14.40,rpm,0,0, 0,449,ping,55.19,odo,362,ms,335320,us,335320350,ypr,-14.40, -0.62, 0.67
2015-12-31 16:50:04.691004,TRACE_DYNAMICS,str, 1464, esc,1492, aa, -44, -83, -126, heading, 14.40,rpm,0,0, 0,449,ping,55.19,odo,362,ms,335340,us,335340348,ypr,-14.40, -0.63, 0.67
2015-12-31 16:50:04.710200,TRACE_DYNAMICS,str, 1464, esc,1495, aa, -43, -82, -130, heading, 14.39,rpm,0,0, 0,449,ping,55.19,odo,362,ms,335360,us,335360358,ypr,-14.39, -0.64, 0.66
2015-12-31 16:50:04.729282,TRACE_DYNAMICS,str, 1465, esc,1495, aa, -47, -76, -128, heading, 14.40,rpm,0,0, 0,449,ping,55.19,odo,362,ms,335380,us,335380356,ypr,-14.40, -0.64, 0.66
2015-12-31 16:50:04.748430,TRACE_DYNAMICS,str, 1465, esc,1495, aa, -48, -74, -140, heading, 14.40,rpm,0,0, 0,449,ping,55.19,odo,362,ms,335400,us,335400349,ypr,-14.40, -0.65, 0.66
2015-12-31 16:50:04.767578,TRACE_DYNAMICS,str, 1465, esc,1495, aa, -44, -82, -142, heading, 14.40,rpm,0,0, 0,449,ping,55.19,odo,362,ms,335420,us,335420352,ypr,-14.40, -0.66, 0.65
2015-12-31 16:50:04.786740,TRACE_DYNAMICS,str, 1464, esc,1495, aa, -40, -81, -133, heading, 14.40,rpm,0,0, 0,449,ping,55.19,odo,362,ms,335440,us,335440355,ypr,-14.40, -0.67, 0.65
2015-12-31 16:50:04.805898,TRACE_DYNAMICS,str, 1462, esc,1495, aa, -43, -71, -122, heading, 14.40,rpm,0,0, 0,449,ping,55.19,odo,362,ms,335460,us,335460355,ypr,-14.40, -0.68, 0.65
2015-12-31 16:50:04.825166,TRACE_DYNAMICS,str, 1465, esc,1495, aa, -39, -78, -111, heading, 14.39,rpm,0,0, 0,449,ping,55.19,odo,362,ms,335480,us,335480349,ypr,-14.39, -0.69, 0.64
2015-12-31 16:50:04.844311,TRACE_DYNAMICS,str, 1463, esc,1495, aa, -41, -83, -86, heading, 14.40,rpm,0,0, 0,449,ping,55.19,odo,362,ms,335500,us,335500347,ypr,-14.40, -0.71, 0.64
2015-12-31 16:50:04.873544,TRACE_DYNAMICS,str, 1465, esc,1495, aa, -42, -82, -72, heading, 14.39,rpm,0,0, 0,449,ping,55.22,odo,362,ms,335520,us,335520354,ypr,-14.39, -0.72, 0.63
2015-12-31 16:50:04.892608,TRACE_DYNAMICS,str, 1465, esc,1495, aa, -35, -84, -74, heading, 14.40,rpm,0,0, 0,449,ping,55.22,odo,362,ms,335540,us,335540350,ypr,-14.40, -0.74, 0.63
2015-12-31 16:50:04.911685,TRACE_DYNAMICS,str, 1464, esc,1494, aa, -27, -82, -69, heading, 14.40,rpm,0,0, 0,449,ping,55.22,odo,362,ms,335560,us,335560358,ypr,-14.40, -0.75, 0.63
2015-12-31 16:50:04.930751,TRACE_DYNAMICS,str, 1464, esc,1495, aa, -31, -83, -67, heading, 14.40,rpm,0,0, 0,449,ping,55.22,odo,362,ms,335580,us,335580359,ypr,-14.40, -0.77, 0.62
2015-12-31 16:50:04.949774,TRACE_DYNAMICS,str, 1465, esc,1496, aa, -36, -82, -65, heading, 14.40,rpm,0,0, 0,449,ping,55.22,odo,362,ms,335600,us,335600349,ypr,-14.40, -0.78, 0.62
2015-12-31 16:50:04.968774,TRACE_DYNAMICS,str, 1464, esc,1495, aa, -36, -80, -71, heading, 14.40,rpm,0,0, 0,449,ping,55.19,odo,362,ms,335620,us,335620348,ypr,-14.40, -0.79, 0.62
2015-12-31 16:50:04.987897,TRACE_DYNAMICS,str, 1464, esc,1494, aa, -37, -83, -74, heading, 14.40,rpm,0,0, 0,449,ping,55.19,odo,362,ms,335640,us,335640350,ypr,-14.40, -0.81, 0.61
2015-12-31 16:50:05.006993,TRACE_DYNAMICS,str, 1465, esc,1495, aa, -36, -82, -74, heading, 14.40,rpm,0,0, 0,449,ping,55.19,odo,362,ms,335660,us,335660349,ypr,-14.40, -0.82, 0.62
2015-12-31 16:50:05.026166,TRACE_DYNAMICS,str, 1464, esc,1495, aa, -37, -82, -68, heading, 14.40,rpm,0,0, 0,449,ping,55.19,odo,362,ms,335680,us,335680343,ypr,-14.40, -0.83, 0.61
2015-12-31 16:50:05.045354,TRACE_DYNAMICS,str, 1462, esc,1495, aa, -31, -80, -85, heading, 14.40,rpm,0,0, 0,449,ping,55.19,odo,362,ms,335700,us,335700348,ypr,-14.40, -0.84, 0.60
2015-12-31 16:50:05.064492,TRACE_DYNAMICS,str, 1465, esc,1495, aa, -33, -76, -81, heading, 14.40,rpm,0,0, 0,449,ping,55.03,odo,362,ms,335720,us,335720350,ypr,-14.40, -0.85, 0.61
2015-12-31 16:50:05.093730,TRACE_DYNAMICS,str, 1462, esc,1494, aa, -37, -81, -76, heading, 14.40,rpm,0,0, 0,449,ping,55.03,odo,362,ms,335740,us,335740347,ypr,-14.40, -0.86, 0.60
2015-12-31 16:50:05.112802,TRACE_DYNAMICS,str, 1465, esc,1495, aa, -32, -78, -85, heading, 14.40,rpm,0,0, 0,449,ping,55.03,odo,362,ms,335760,us,335760348,ypr,-14.40, -0.87, 0.59
2015-12-31 16:50:05.131886,TRACE_DYNAMICS,str, 1465, esc,1495, aa, -33, -74, -92, heading, 14.40,rpm,0,0, 0,449,ping,55.03,odo,362,ms,335780,us,335780351,ypr,-14.40, -0.88, 0.59
2015-12-31 16:50:05.150959,TRACE_DYNAMICS,str, 1465, esc,1495, aa, -33, -70, -90, heading, 14.40,rpm,0,0, 0,449,ping,55.03,odo,362,ms,335800,us,335800356,ypr,-14.40, -0.89, 0.59
2015-12-31 16:50:05.170031,TRACE_DYNAMICS,str, 1464, esc,1495, aa, -35, -79, -89, heading, 14.40,rpm,0,0, 0,449,ping,55.20,odo,362,ms,335820,us,335820360,ypr,-14.40, -0.90, 0.59
2015-12-31 16:50:05.189121,TRACE_DYNAMICS,str, 1464, esc,1495, aa, -37, -81, -98, heading, 14.40,rpm,0,0, 0,449,ping,55.20,odo,362,ms,335840,us,335840357,ypr,-14.40, -0.91, 0.58
2015-12-31 16:50:05.208211,TRACE_DYNAMICS,str, 1465, esc,1495, aa, -40, -79, -89, heading, 14.40,rpm,0,0, 0,449,ping,55.20,odo,362,ms,335860,us,335860349,ypr,-14.40, -0.92, 0.59
2015-12-31 16:50:05.227293,TRACE_DYNAMICS,str, 1464, esc,1495, aa, -35, -83, -93, heading, 14.40,rpm,0,0, 0,449,ping,55.20,odo,362,ms,335880,us,335880361,ypr,-14.40, -0.94, 0.58
2015-12-31 16:50:05.246399,TRACE_DYNAMICS,str, 1464, esc,1495, aa, -35, -82, -97, heading, 14.40,rpm,0,0, 0,449,ping,55.20,odo,362,ms,335900,us,335900355,ypr,-14.40, -0.94, 0.58
2015-12-31 16:50:05.265511,TRACE_DYNAMICS,str, 1464, esc,1494, aa, -37, -86, -95, heading, 14.40,rpm,0,0, 0,449,ping,55.20,odo,362,ms,335920,us,335920351,ypr,-14.40, -0.95, 0.57
2015-12-31 16:50:05.284602,TRACE_DYNAMICS,str, 1464, esc,1495, aa, -40, -82, -91, heading, 14.40,rpm,0,0, 0,449,ping,55.20,odo,362,ms,335940,us,335940348,ypr,-14.40, -0.96, 0.57
2015-12-31 16:50:05.303682,TRACE_DYNAMICS,str, 1465, esc,1495, aa, -38, -80, -88, heading, 14.40,rpm,0,0, 0,449,ping,55.20,odo,362,ms,335960,us,335960351,ypr,-14.40, -0.97, 0.57
2015-12-31 16:50:05.332897,TRACE_DYNAMICS,str, 1465, esc,1495, aa, -34, -77, -84, heading, 14.40,rpm,0,0, 0,449,ping,55.20,odo,362,ms,335980,us,335980358,ypr,-14.40, -0.98, 0.57
2015-12-31 16:50:05.351964,TRACE_DYNAMICS,str, 1464, esc,1494, aa, -27, -81, -92, heading, 14.40,rpm,0,0, 0,449,ping,55.20,odo,362,ms,336000,us,336000347,ypr,-14.40, -0.99, 0.57
2015-12-31 16:50:05.371017,TRACE_DYNAMICS,str, 1464, esc,1494, aa, -29, -85, -90, heading, 14.40,rpm,0,0, 0,449,ping,55.19,odo,362,ms,336020,us,336020347,ypr,-14.40, -0.99, 0.56
2015-12-31 16:50:05.390036,TRACE_DYNAMICS,str, 1465, esc,1495, aa, -32, -84, -73, heading, 14.40,rpm,0,0, 0,449,ping,55.19,odo,362,ms,336040,us,336040350,ypr,-14.40, -1.01, 0.57
2015-12-31 16:50:05.409103,TRACE_DYNAMICS,str, 1463, esc,1495, aa, -31, -85, -86, heading, 14.40,rpm,0,0, 0,449,ping,55.19,odo,362,ms,336060,us,336060353,ypr,-14.40, -1.02, 0.56
2015-12-31 16:50:05.428223,TRACE_DYNAMICS,str, 1464, esc,1495, aa, -34, -83, -85, heading, 14.40,rpm,0,0, 0,449,ping,55.19,odo,362,ms,336080,us,336080353,ypr,-14.40, -1.02, 0.56
2015-12-31 16:50:05.447356,TRACE_DYNAMICS,str, 1465, esc,1494, aa, -39, -85, -84, heading, 14.40,rpm,0,0, 0,449,ping,55.19,odo,362,ms,336100,us,336100348,ypr,-14.40, -1.03, 0.55
2015-12-31 16:50:05.466463,TRACE_DYNAMICS,str, 1465, esc,1494, aa, -39, -88, -94, heading, 14.40,rpm,0,0, 0,449,ping,55.52,odo,362,ms,336120,us,336120353,ypr,-14.40, -1.04, 0.56
2015-12-31 16:50:05.485544,TRACE_DYNAMICS,str, 1464, esc,1495, aa, -32, -88, -90, heading, 14.40,rpm,0,0, 0,449,ping,55.52,odo,362,ms,336140,us,336140359,ypr,-14.40, -1.05, 0.55
2015-12-31 16:50:05.504626,TRACE_DYNAMICS,str, 1463, esc,1495, aa, -35, -80, -91, heading, 14.40,rpm,0,0, 0,449,ping,55.52,odo,362,ms,336160,us,336160359,ypr,-14.40, -1.05, 0.55
2015-12-31 16:50:05.523741,TRACE_DYNAMICS,str, 1465, esc,1495, aa, -30, -83, -103, heading, 14.40,rpm,0,0, 0,449,ping,55.52,odo,362,ms,336180,us,336180357,ypr,-14.40, -1.06, 0.55
2015-12-31 16:50:05.552949,TRACE_DYNAMICS,str, 1464, esc,1495, aa, -26, -82, -87, heading, 14.40,rpm,0,0, 0,449,ping,55.52,odo,362,ms,336200,us,336200354,ypr,-14.40, -1.07, 0.54
2015-12-31 16:50:05.572026,TRACE_DYNAMICS,str, 1464, esc,1494, aa, -25, -82, -86, heading, 14.40,rpm,0,0, 0,449,ping,55.04,odo,362,ms,336220,us,336220354,ypr,-14.40, -1.08, 0.55
2015-12-31 16:50:05.591107,TRACE_DYNAMICS,str, 1463, esc,1493, aa, -31, -80, -99, heading, 14.40,rpm,0,0, 0,449,ping,55.04,odo,362,ms,336240,us,336240354,ypr,-14.40, -1.08, 0.54
2015-12-31 16:50:05.610175,TRACE_DYNAMICS,str, 1464, esc,1493, aa, -37, -77, -87, heading, 14.40,rpm,0,0, 0,449,ping,55.04,odo,362,ms,336260,us,336260357,ypr,-14.40, -1.09, 0.54
2015-12-31 16:50:05.629263,TRACE_DYNAMICS,str, 1462, esc,1492, aa, -38, -84, -93, heading, 14.40,rpm,0,0, 0,449,ping,55.04,odo,362,ms,336280,us,336280354,ypr,-14.40, -1.09, 0.54
2015-12-31 16:50:05.648352,TRACE_DYNAMICS,str, 1465, esc,1493, aa, -41, -81, -91, heading, 14.40,rpm,0,0, 0,449,ping,55.04,odo,362,ms,336300,us,336300353,ypr,-14.40, -1.10, 0.54
2015-12-31 16:50:05.667424,TRACE_DYNAMICS,str, 1465, esc,1493, aa, -36, -82, -90, heading, 14.40,rpm,0,0, 0,449,ping,55.20,odo,362,ms,336320,us,336320355,ypr,-14.40, -1.11, 0.53
2015-12-31 16:50:05.686523,TRACE_DYNAMICS,str, 1463, esc,1493, aa, -36, -85, -89, heading, 14.40,rpm,0,0, 0,449,ping,55.20,odo,362,ms,336340,us,336340354,ypr,-14.40, -1.11, 0.53
2015-12-31 16:50:05.705618,TRACE_DYNAMICS,str, 1465, esc,1492, aa, -31, -82, -92, heading, 14.40,rpm,0,0, 0,449,ping,55.20,odo,362,ms,336360,us,336360355,ypr,-14.40, -1.12, 0.53
2015-12-31 16:50:05.724704,TRACE_DYNAMICS,str, 1464, esc,1493, aa, -31, -78, -88, heading, 14.40,rpm,0,0, 0,449,ping,55.20,odo,362,ms,336380,us,336380351,ypr,-14.40, -1.13, 0.53
2015-12-31 16:50:05.753932,TRACE_DYNAMICS,str, 1465, esc,1493, aa, -32, -76, -93, heading, 14.40,rpm,0,0, 0,449,ping,55.20,odo,362,ms,336400,us,336400358,ypr,-14.40, -1.13, 0.53
2015-12-31 16:50:05.773120,TRACE_DYNAMICS,str, 1464, esc,1493, aa, -30, -87, -93, heading, 14.40,rpm,200,0, 0,449,ping,55.69,odo,362,ms,336420,us,336420352,ypr,-14.40, -1.14, 0.52
2015-12-31 16:50:05.792315,TRACE_DYNAMICS,str, 1464, esc,1493, aa, -34, -86, -91, heading, 14.40,rpm,100,0, 0,449,ping,55.69,odo,362,ms,336440,us,336440354,ypr,-14.40, -1.14, 0.52
2015-12-31 16:50:05.811508,TRACE_DYNAMICS,str, 1465, esc,1492, aa, -41, -88, -92, heading, 14.40,rpm,300,0, 0,449,ping,55.69,odo,362,ms,336460,us,336460359,ypr,-14.40, -1.15, 0.52
2015-12-31 16:50:05.830725,TRACE_DYNAMICS,str, 1464, esc,1490, aa, -41, -84, -95, heading, 14.40,rpm,300,0, 0,449,ping,55.69,odo,362,ms,336480,us,336480355,ypr,-14.40, -1.15, 0.52
2015-12-31 16:50:05.849887,TRACE_DYNAMICS,str, 1465, esc,1491, aa, -34, -75, -88, heading, 14.40,rpm,100,0, 0,449,ping,55.69,odo,362,ms,336500,us,336500356,ypr,-14.40, -1.16, 0.52
2015-12-31 16:50:05.869059,TRACE_DYNAMICS,str, 1465, esc,1491, aa, -36, -78, -99, heading, 14.40,rpm,500,0, 0,449,ping,55.53,odo,362,ms,336520,us,336520349,ypr,-14.40, -1.16, 0.51
2015-12-31 16:50:05.888245,TRACE_DYNAMICS,str, 1464, esc,1492, aa, -35, -82, -94, heading, 14.40,rpm,200,0, 0,449,ping,55.53,odo,362,ms,336540,us,336540350,ypr,-14.40, -1.17, 0.51
2015-12-31 16:50:05.907431,TRACE_DYNAMICS,str, 1465, esc,1491, aa, -26, -86, -90, heading, 14.40,rpm,300,0, 0,449,ping,55.53,odo,362,ms,336560,us,336560353,ypr,-14.40, -1.18, 0.51
2015-12-31 16:50:05.926611,TRACE_DYNAMICS,str, 1465, esc,1491, aa, -30, -87, -90, heading, 14.40,rpm,150,0, 0,449,ping,55.53,odo,362,ms,336580,us,336580354,ypr,-14.40, -1.18, 0.51
2015-12-31 16:50:05.945780,TRACE_DYNAMICS,str, 1463, esc,1493, aa, -26, -84, -92, heading, 14.40,rpm,250,0, 0,449,ping,55.53,odo,362,ms,336600,us,336600346,ypr,-14.40, -1.19, 0.51
2015-12-31 16:50:05.964996,TRACE_DYNAMICS,str, 1465, esc,1491, aa, -33, -82, -96, heading, 14.40,rpm,300,0, 0,449,ping,55.03,odo,362,ms,336620,us,336620354,ypr,-14.40, -1.19, 0.51
2015-12-31 16:50:05.984269,TRACE_DYNAMICS,str, 1464, esc,1489, aa, -38, -78, -97, heading, 14.40,rpm,100,0, 0,449,ping,55.03,odo,362,ms,336640,us,336640351,ypr,-14.40, -1.19, 0.51
2015-12-31 16:50:06.013624,TRACE_DYNAMICS,str, 1464, esc,1488, aa, -37, -82, -95, heading, 14.40,rpm,500,0, 0,449,ping,55.03,odo,362,ms,336660,us,336660354,ypr,-14.40, -1.20, 0.51
2015-12-31 16:50:06.032874,TRACE_DYNAMICS,str, 1464, esc,1488, aa, -36, -81, -87, heading, 14.40,rpm,200,0, 0,449,ping,55.03,odo,362,ms,336680,us,336680353,ypr,-14.40, -1.20, 0.50
2015-12-31 16:50:06.052140,TRACE_DYNAMICS,str, 1464, esc,1489, aa, -35, -79, -87, heading, 14.40,rpm,400,0, 0,449,ping,55.03,odo,362,ms,336700,us,336700356,ypr,-14.40, -1.21, 0.50
2015-12-31 16:50:06.071391,TRACE_DYNAMICS,str, 1465, esc,1489, aa, -34, -83, -80, heading, 14.40,rpm,300,0, 0,449,ping,54.89,odo,362,ms,336720,us,336720357,ypr,-14.40, -1.21, 0.50
2015-12-31 16:50:06.090679,TRACE_DYNAMICS,str, 1464, esc,1488, aa, -35, -89, -95, heading, 14.40,rpm,200,0, 0,449,ping,54.89,odo,362,ms,336740,us,336740359,ypr,-14.40, -1.22, 0.50
2015-12-31 16:50:06.109879,TRACE_DYNAMICS,str, 1464, esc,1484, aa, -33, -96, -100, heading, 14.41,rpm,450,0, 0,449,ping,54.89,odo,362,ms,336760,us,336760350,ypr,-14.41, -1.22, 0.50
2015-12-31 16:50:06.129093,TRACE_DYNAMICS,str, 1464, esc,1485, aa, -35, -88, -100, heading, 14.40,rpm,150,0, 0,449,ping,54.89,odo,362,ms,336780,us,336780360,ypr,-14.40, -1.22, 0.49
2015-12-31 16:50:06.148277,TRACE_DYNAMICS,str, 1464, esc,1485, aa, -34, -78, -95, heading, 14.40,rpm,500,0, 0,449,ping,54.89,odo,362,ms,336800,us,336800354,ypr,-14.40, -1.23, 0.49
2015-12-31 16:50:06.167460,TRACE_DYNAMICS,str, 1464, esc,1485, aa, -37, -84, -89, heading, 14.40,rpm,300,0, 0,449,ping,55.03,odo,362,ms,336820,us,336820353,ypr,-14.40, -1.23, 0.49
2015-12-31 16:50:06.186690,TRACE_DYNAMICS,str, 1464, esc,1485, aa, -31, -84, -99, heading, 14.40,rpm,400,0, 0,449,ping,55.03,odo,362,ms,336840,us,336840347,ypr,-14.40, -1.23, 0.49
2015-12-31 16:50:06.205900,TRACE_DYNAMICS,str, 1464, esc,1485, aa, -33, -79, -94, heading, 14.40,rpm,400,0, 0,449,ping,55.03,odo,362,ms,336860,us,336860352,ypr,-14.40, -1.24, 0.49
2015-12-31 16:50:06.225097,TRACE_DYNAMICS,str, 1465, esc,1485, aa, -32, -76, -95, heading, 14.40,rpm,200,0, 0,449,ping,55.03,odo,362,ms,336880,us,336880351,ypr,-14.40, -1.24, 0.49
2015-12-31 16:50:06.244303,TRACE_DYNAMICS,str, 1465, esc,1485, aa, -33, -86, -94, heading, 14.40,rpm,400,0, 0,449,ping,55.03,odo,362,ms,336900,us,336900359,ypr,-14.40, -1.25, 0.49
2015-12-31 16:50:06.273646,TRACE_DYNAMICS,str, 1465, esc,1485, aa, -34, -86, -86, heading, 14.41,rpm,200,0, 0,449,ping,55.20,odo,362,ms,336920,us,336920349,ypr,-14.41, -1.25, 0.48
2015-12-31 16:50:06.292836,TRACE_DYNAMICS,str, 1462, esc,1485, aa, -32, -82, -92, heading, 14.41,rpm,400,0, 0,449,ping,55.20,odo,362,ms,336940,us,336940355,ypr,-14.41, -1.25, 0.48
2015-12-31 16:50:06.312006,TRACE_DYNAMICS,str, 1465, esc,1484, aa, -33, -82, -88, heading, 14.40,rpm,150,0, 0,449,ping,55.20,odo,362,ms,336960,us,336960354,ypr,-14.40, -1.26, 0.48
2015-12-31 16:50:06.331200,TRACE_DYNAMICS,str, 1465, esc,1485, aa, -35, -83, -95, heading, 14.41,rpm,350,0, 0,449,ping,55.20,odo,362,ms,336980,us,336980358,ypr,-14.41, -1.27, 0.48
2015-12-31 16:50:06.350406,TRACE_DYNAMICS,str, 1465, esc,1485, aa, -36, -79, -88, heading, 14.40,rpm,400,0, 0,449,ping,55.20,odo,362,ms,337000,us,337000361,ypr,-14.40, -1.28, 0.48
2015-12-31 16:50:06.369538,TRACE_DYNAMICS,str, 1464, esc,1485, aa, -33, -80, -82, heading, 14.40,rpm,300,0, 0,449,ping,55.03,odo,362,ms,337020,us,337020353,ypr,-14.40, -1.28, 0.48
2015-12-31 16:50:06.388712,TRACE_DYNAMICS,str, 1465, esc,1485, aa, -36, -85, -76, heading, 14.40,rpm,500,0, 0,449,ping,55.03,odo,362,ms,337040,us,337040349,ypr,-14.40, -1.29, 0.48
2015-12-31 16:50:06.407901,TRACE_DYNAMICS,str, 1464, esc,1485, aa, -40, -88, -82, heading, 14.40,rpm,300,0, 0,449,ping,55.03,odo,362,ms,337060,us,337060348,ypr,-14.40, -1.29, 0.48
2015-12-31 16:50:06.427093,TRACE_DYNAMICS,str, 1465, esc,1485, aa, -32, -79, -96, heading, 14.41,rpm,500,0, 0,449,ping,55.03,odo,362,ms,337080,us,337080355,ypr,-14.41, -1.30, 0.47
2015-12-31 16:50:06.446300,TRACE_DYNAMICS,str, 1464, esc,1485, aa, -38, -83, -95, heading, 14.41,rpm,300,0, 0,449,ping,55.03,odo,362,ms,337100,us,337100347,ypr,-14.41, -1.30, 0.47
2015-12-31 16:50:06.465484,TRACE_DYNAMICS,str, 1465, esc,1486, aa, -36, -83, -89, heading, 14.40,rpm,300,0, 0,449,ping,55.03,odo,362,ms,337120,us,337120353,ypr,-14.40, -1.30, 0.47
2015-12-31 16:50:06.484692,TRACE_DYNAMICS,str, 1465, esc,1485, aa, -35, -82, -92, heading, 14.40,rpm,450,0, 0,449,ping,55.03,odo,362,ms,337140,us,337140353,ypr,-14.40, -1.31, 0.47
2015-12-31 16:50:06.503889,TRACE_DYNAMICS,str, 1463, esc,1485, aa, -36, -88, -92, heading, 14.40,rpm,250,0, 0,449,ping,55.03,odo,362,ms,337160,us,337160348,ypr,-14.40, -1.31, 0.47
2015-12-31 16:50:06.533251,TRACE_DYNAMICS,str, 1465, esc,1485, aa, -34, -84, -101, heading, 14.40,rpm,500,0, 0,449,ping,55.03,odo,362,ms,337180,us,337180361,ypr,-14.40, -1.31, 0.47
2015-12-31 16:50:06.552473,TRACE_DYNAMICS,str, 1464, esc,1489, aa, -31, -83, -92, heading, 14.41,rpm,200,0, 0,449,ping,55.03,odo,362,ms,337200,us,337200352,ypr,-14.41, -1.31, 0.47
2015-12-31 16:50:06.571666,TRACE_DYNAMICS,str, 1462, esc,1489, aa, -34, -85, -90, heading, 14.41,rpm,500,0, 0,449,ping,55.52,odo,362,ms,337220,us,337220357,ypr,-14.41, -1.32, 0.47
2015-12-31 16:50:06.590863,TRACE_DYNAMICS,str, 1465, esc,1491, aa, -29, -83, -98, heading, 14.41,rpm,300,0, 0,449,ping,55.52,odo,362,ms,337240,us,337240350,ypr,-14.41, -1.32, 0.47
2015-12-31 16:50:06.610014,TRACE_DYNAMICS,str, 1465, esc,1491, aa, -33, -83, -85, heading, 14.41,rpm,300,0, 0,449,ping,55.52,odo,362,ms,337260,us,337260353,ypr,-14.41, -1.32, 0.47
2015-12-31 16:50:06.629196,TRACE_DYNAMICS,str, 1465, esc,1491, aa, -35, -83, -83, heading, 14.41,rpm,400,0, 0,449,ping,55.52,odo,362,ms,337280,us,337280352,ypr,-14.41, -1.33, 0.46
2015-12-31 16:50:06.648391,TRACE_DYNAMICS,str, 1462, esc,1491, aa, -31, -77, -93, heading, 14.41,rpm,300,0, 0,449,ping,55.52,odo,362,ms,337300,us,337300350,ypr,-14.41, -1.33, 0.46
2015-12-31 16:50:06.667566,TRACE_DYNAMICS,str, 1465, esc,1493, aa, -30, -81, -90, heading, 14.41,rpm,450,0, 0,449,ping,55.03,odo,362,ms,337320,us,337320356,ypr,-14.41, -1.33, 0.46
2015-12-31 16:50:06.686756,TRACE_DYNAMICS,str, 1465, esc,1493, aa, -33, -80, -91, heading, 14.41,rpm,300,0, 0,449,ping,55.03,odo,362,ms,337340,us,337340342,ypr,-14.41, -1.34, 0.47
2015-12-31 16:50:06.705951,TRACE_DYNAMICS,str, 1463, esc,1493, aa, -30, -80, -91, heading, 14.41,rpm,450,0, 0,449,ping,55.03,odo,362,ms,337360,us,337360349,ypr,-14.41, -1.34, 0.47
2015-12-31 16:50:06.725138,TRACE_DYNAMICS,str, 1464, esc,1493, aa, -26, -83, -87, heading, 14.41,rpm,300,0, 0,449,ping,55.03,odo,362,ms,337380,us,337380357,ypr,-14.41, -1.34, 0.46
2015-12-31 16:50:06.744364,TRACE_DYNAMICS,str, 1465, esc,1493, aa, -36, -77, -99, heading, 14.41,rpm,400,0, 0,449,ping,55.03,odo,362,ms,337400,us,337400358,ypr,-14.41, -1.34, 0.46
2015-12-31 16:50:06.763644,TRACE_DYNAMICS,str, 1465, esc,1493, aa, -34, -76, -109, heading, 14.41,rpm,400,0, 0,449,ping,55.68,odo,362,ms,337420,us,337420361,ypr,-14.41, -1.34, 0.46
2015-12-31 16:50:06.792988,TRACE_DYNAMICS,str, 1464, esc,1493, aa, -38, -81, -93, heading, 14.41,rpm,300,0, 0,449,ping,55.68,odo,362,ms,337440,us,337440354,ypr,-14.41, -1.35, 0.46
2015-12-31 16:50:06.812190,TRACE_DYNAMICS,str, 1464, esc,1492, aa, -37, -88, -87, heading, 14.41,rpm,500,0, 0,449,ping,55.68,odo,362,ms,337460,us,337460354,ypr,-14.41, -1.35, 0.46
2015-12-31 16:50:06.831444,TRACE_DYNAMICS,str, 1465, esc,1493, aa, -35, -83, -86, heading, 14.41,rpm,400,0, 0,449,ping,55.68,odo,362,ms,337480,us,337480352,ypr,-14.41, -1.35, 0.46
2015-12-31 16:50:06.850777,TRACE_DYNAMICS,str, 1462, esc,1493, aa, -32, -80, -86, heading, 14.41,rpm,400,0, 0,449,ping,55.68,odo,362,ms,337500,us,337500353,ypr,-14.41, -1.36, 0.46
2015-12-31 16:50:06.870006,TRACE_DYNAMICS,str, 1465, esc,1493, aa, -36, -73, -79, heading, 14.41,rpm,450,0, 0,449,ping,55.03,odo,362,ms,337520,us,337520353,ypr,-14.41, -1.36, 0.46
2015-12-31 16:50:06.889230,TRACE_DYNAMICS,str, 1465, esc,1493, aa, -32, -68, -83, heading, 14.40,rpm,450,0, 0,449,ping,55.03,odo,362,ms,337540,us,337540359,ypr,-14.40, -1.37, 0.46
2015-12-31 16:50:06.908427,TRACE_DYNAMICS,str, 1465, esc,1493, aa, -32, -69, -80, heading, 14.40,rpm,500,0, 0,449,ping,55.03,odo,362,ms,337560,us,337560352,ypr,-14.40, -1.37, 0.46
2015-12-31 16:50:06.927629,TRACE_DYNAMICS,str, 1464, esc,1494, aa, -35, -75, -84, heading, 14.41,rpm,200,0, 0,449,ping,55.03,odo,362,ms,337580,us,337580352,ypr,-14.41, -1.37, 0.45
2015-12-31 16:50:06.946917,TRACE_DYNAMICS,str, 1464, esc,1494, aa, -35, -80, -97, heading, 14.41,rpm,500,0, 0,449,ping,55.03,odo,362,ms,337600,us,337600344,ypr,-14.41, -1.38, 0.46
2015-12-31 16:50:06.966267,TRACE_DYNAMICS,str, 1465, esc,1495, aa, -41, -82, -101, heading, 14.41,rpm,300,0, 0,449,ping,55.36,odo,362,ms,337620,us,337620344,ypr,-14.41, -1.38, 0.46
2015-12-31 16:50:06.985573,TRACE_DYNAMICS,str, 1464, esc,1495, aa, -39, -82, -99, heading, 14.41,rpm,500,0, 0,449,ping,55.36,odo,362,ms,337640,us,337640352,ypr,-14.41, -1.38, 0.46
2015-12-31 16:50:07.004873,TRACE_DYNAMICS,str, 1465, esc,1493, aa, -36, -81, -99, heading, 14.41,rpm,300,0, 0,449,ping,55.36,odo,362,ms,337660,us,337660349,ypr,-14.41, -1.38, 0.46
2015-12-31 16:50:07.024166,TRACE_DYNAMICS,str, 1464, esc,1493, aa, -29, -87, -92, heading, 14.41,rpm,300,0, 0,449,ping,55.36,odo,362,ms,337680,us,337680343,ypr,-14.41, -1.38, 0.46
2015-12-31 16:50:07.053654,TRACE_DYNAMICS,str, 1464, esc,1492, aa, -38, -80, -96, heading, 14.41,rpm,450,0, 0,449,ping,55.36,odo,362,ms,337700,us,337700352,ypr,-14.41, -1.39, 0.45
2015-12-31 16:50:07.073610,TRACE_DYNAMICS,str, 1465, esc,1493, aa, -38, -80, -103, heading, 14.41,rpm,300,0, 0,449,ping,55.36,odo,362,ms,337720,us,337720361,ypr,-14.41, -1.39, 0.45
2015-12-31 16:50:07.094445,TRACE_DYNAMICS,str, 1465, esc,1493, aa, -36, -80, -104, heading, 14.41,rpm,500,0, 0,449,ping,55.36,odo,362,ms,337740,us,337740354,ypr,-14.41, -1.39, 0.45
2015-12-31 16:50:07.105074,TRACE_DYNAMICS,str, 1465, esc,1495, aa, -32, -79, -108, heading, 14.41,rpm,250,0, 0,449,ping,55.36,odo,362,ms,337760,us,337760361,ypr,-14.41, -1.39, 0.45
2015-12-31 16:50:07.125846,TRACE_DYNAMICS,str, 1465, esc,1494, aa, -28, -84, -106, heading, 14.41,rpm,500,0, 0,449,ping,55.36,odo,362,ms,337780,us,337780360,ypr,-14.41, -1.39, 0.45
2015-12-31 16:50:07.146602,TRACE_DYNAMICS,str, 1465, esc,1494, aa, -36, -77, -95, heading, 14.41,rpm,400,0, 0,449,ping,55.36,odo,362,ms,337800,us,337800355,ypr,-14.41, -1.39, 0.45
2015-12-31 16:50:07.167415,TRACE_DYNAMICS,str, 1465, esc,1495, aa, -39, -79, -101, heading, 14.42,rpm,400,0, 0,449,ping,55.03,odo,362,ms,337820,us,337820349,ypr,-14.42, -1.39, 0.45
2015-12-31 16:50:07.186761,TRACE_DYNAMICS,str, 1465, esc,1495, aa, -35, -84, -104, heading, 14.42,rpm,500,0, 0,449,ping,55.03,odo,362,ms,337840,us,337840350,ypr,-14.42, -1.39, 0.45
2015-12-31 16:50:07.206020,TRACE_DYNAMICS,str, 1464, esc,1497, aa, -32, -88, -90, heading, 14.42,rpm,500,0, 0,449,ping,55.03,odo,362,ms,337860,us,337860351,ypr,-14.42, -1.40, 0.45
2015-12-31 16:50:07.225248,TRACE_DYNAMICS,str, 1465, esc,1495, aa, -33, -84, -97, heading, 14.42,rpm,450,0, 0,449,ping,55.03,odo,362,ms,337880,us,337880353,ypr,-14.42, -1.40, 0.45
2015-12-31 16:50:07.244490,TRACE_DYNAMICS,str, 1465, esc,1495, aa, -36, -83, -99, heading, 14.41,rpm,200,0, 0,449,ping,55.03,odo,362,ms,337900,us,337900351,ypr,-14.41, -1.40, 0.44
2015-12-31 16:50:07.273963,TRACE_DYNAMICS,str, 1465, esc,1495, aa, -35, -84, -90, heading, 14.41,rpm,450,0, 0,449,ping,55.03,odo,362,ms,337920,us,337920352,ypr,-14.41, -1.40, 0.44
2015-12-31 16:50:07.293246,TRACE_DYNAMICS,str, 1465, esc,1495, aa, -36, -81, -76, heading, 14.42,rpm,300,0, 0,449,ping,55.03,odo,362,ms,337940,us,337940346,ypr,-14.42, -1.41, 0.44
2015-12-31 16:50:07.312454,TRACE_DYNAMICS,str, 1465, esc,1495, aa, -33, -86, -81, heading, 14.42,rpm,400,0, 0,449,ping,55.03,odo,362,ms,337960,us,337960349,ypr,-14.42, -1.41, 0.44
