2015-12-24 16:25:09.696355,TRACE_DYNAMICS,str, 1481, esc,1504, aa, -31, -27, -282, angle, -80.44,rpm,500,0, 0,45623,ping,40.13,odo,68176
2015-12-24 16:25:09.713577,TRACE_DYNAMICS,str, 1482, esc,1504, aa, -31, -27, -282, angle, -80.44,rpm,500,0, 0,45623,ping,40.13,odo,68176
2015-12-24 16:25:09.730504,TRACE_DYNAMICS,str, 1481, esc,1504, aa, -31, -27, -282, angle, -80.44,rpm,350,0, 0,45623,ping,40.13,odo,68176
2015-12-24 16:25:09.747499,TRACE_DYNAMICS,str, 1482, esc,1504, aa, -31, -27, -282, angle, -80.44,rpm,500,0, 0,45623,ping,40.13,odo,68176
2015-12-24 16:25:09.774617,TRACE_DYNAMICS,str, 1481, esc,1503, aa, -31, -27, -282, angle, -80.44,rpm,400,0, 0,45623,ping,40.13,odo,68176
2015-12-24 16:25:09.791484,TRACE_DYNAMICS,str, 1482, esc,1504, aa, -31, -27, -282, angle, -80.44,rpm,500,0, 0,45623,ping,40.13,odo,68176
2015-12-24 16:25:09.808423,TRACE_DYNAMICS,str, 1482, esc,1504, aa, -31, -27, -282, angle, -80.44,rpm,400,0, 0,45623,ping,40.13,odo,68176
2015-12-24 16:25:09.835488,TRACE_DYNAMICS,str, 1482, esc,1504, aa, -31, -27, -282, angle, -80.44,rpm,400,0, 0,45623,ping,40.13,odo,68176
2015-12-24 16:25:09.852324,TRACE_DYNAMICS,str, 1481, esc,1504, aa, -31, -27, -282, angle, -80.44,rpm,450,0, 0,45623,ping,40.13,odo,68176
2015-12-24 16:25:09.869333,TRACE_DYNAMICS,str, 1482, esc,1504, aa, -31, -27, -282, angle, -80.44,rpm,400,0, 0,45623,ping,40.13,odo,68176
2015-12-24 16:25:09.886368,TRACE_DYNAMICS,str, 1482, esc,1504, aa, -31, -27, -282, angle, -80.44,rpm,500,0, 0,45623,ping,40.13,odo,68176
2015-12-24 16:25:09.913608,TRACE_DYNAMICS,str, 1481, esc,1504, aa, -31, -27, -282, angle, -80.44,rpm,400,0, 0,45623,ping,40.13,odo,68176
2015-12-24 16:25:09.930463,TRACE_DYNAMICS,str, 1481, esc,1504, aa, -31, -27, -282, angle, -80.44,rpm,450,0, 0,45623,ping,40.13,odo,68176
2015-12-24 16:25:09.947405,TRACE_DYNAMICS,str, 1481, esc,1504, aa, -31, -27, -282, angle, -80.44,rpm,400,0, 0,45623,ping,40.13,odo,68176
2015-12-24 16:25:09.974522,TRACE_DYNAMICS,str, 1481, esc,1504, aa, -31, -27, -282, angle, -80.44,rpm,500,0, 0,45623,ping,40.13,odo,68176
2015-12-24 16:25:09.991409,TRACE_DYNAMICS,str, 1482, esc,1503, aa, -31, -27, -282, angle, -80.44,rpm,500,0, 0,45623,ping,40.13,odo,68176
2015-12-24 16:25:10.008364,TRACE_DYNAMICS,str, 1482, esc,1503, aa, -31, -27, -282, angle, -80.44,rpm,500,0, 0,45623,ping,40.13,odo,68176
2015-12-24 16:25:10.035468,TRACE_DYNAMICS,str, 1482, esc,1504, aa, -31, -27, -282, angle, -80.44,rpm,450,0, 0,45623,ping,40.13,odo,68176
2015-12-24 16:25:10.052339,TRACE_DYNAMICS,str, 1482, esc,1503, aa, -31, -27, -282, angle, -80.44,rpm,400,0, 0,45623,ping,40.13,odo,68176
2015-12-24 16:25:10.069344,TRACE_DYNAMICS,str, 1481, esc,1504, aa, -31, -27, -282, angle, -80.44,rpm,450,0, 0,45623,ping,40.13,odo,68176
2015-12-24 16:25:10.096483,TRACE_DYNAMICS,str, 1481, esc,1504, aa, -31, -27, -282, angle, -80.44,rpm,450,0, 0,45623,ping,40.13,odo,68176
2015-12-24 16:25:10.113539,TRACE_DYNAMICS,str, 1481, esc,1504, aa, -31, -27, -282, angle, -80.44,rpm,350,0, 0,45623,ping,40.13,odo,68176
2015-12-24 16:25:10.130408,TRACE_DYNAMICS,str, 1482, esc,1504, aa, -31, -27, -282, angle, -80.44,rpm,500,0, 0,45623,ping,40.13,odo,68176
2015-12-24 16:25:10.147366,TRACE_DYNAMICS,str, 1482, esc,1504, aa, -31, -27, -282, angle, -80.44,rpm,400,0, 0,45623,ping,40.13,odo,68176
2015-12-24 16:25:10.174622,TRACE_DYNAMICS,str, 1481, esc,1504, aa, -31, -27, -282, angle, -80.44,rpm,500,0, 0,45623,ping,40.13,odo,68176
2015-12-24 16:25:10.191633,TRACE_DYNAMICS,str, 1481, esc,1504, aa, -31, -27, -282, angle, -80.44,rpm,400,0, 0,45623,ping,40.13,odo,68176
2015-12-24 16:25:10.208643,TRACE_DYNAMICS,str, 1481, esc,1504, aa, -31, -27, -282, angle, -80.44,rpm,400,0, 0,45623,ping,40.13,odo,68176
2015-12-24 16:25:10.235765,TRACE_DYNAMICS,str, 1481, esc,1504, aa, -31, -27, -282, angle, -80.44,rpm,450,0, 0,45623,ping,40.13,odo,68176
2015-12-24 16:25:10.252740,TRACE_DYNAMICS,str, 1481, esc,1504, aa, -31, -27, -282, angle, -80.44,rpm,400,0, 0,45623,ping,40.13,odo,68176
2015-12-24 16:25:10.269619,TRACE_DYNAMICS,str, 1481, esc,1504, aa, -31, -27, -282, angle, -80.44,rpm,500,0, 0,45623,ping,40.13,odo,68176
2015-12-24 16:25:10.287698,TRACE_DYNAMICS,str, 1481, esc,1504, aa, -31, -27, -282, angle, -80.44,rpm,400,0, 0,45623,ping,40.13,odo,68176
2015-12-24 16:25:10.315990,TRACE_DYNAMICS,str, 1481, esc,1504, aa, -31, -27, -282, angle, -80.44,rpm,450,0, 0,45623,ping,40.13,odo,68176
2015-12-24 16:25:10.334113,TRACE_DYNAMICS,str, 1481, esc,1504, aa, -31, -27, -282, angle, -80.44,rpm,500,0, 0,45623,ping,40.13,odo,68176
2015-12-24 16:25:10.352088,TRACE_DYNAMICS,str, 1481, esc,1504, aa, -31, -27, -282, angle, -80.44,rpm,500,0, 0,45623,ping,40.13,odo,68176
2015-12-24 16:25:10.370158,TRACE_DYNAMICS,str, 1481, esc,1504, aa, -31, -27, -282, angle, -80.44,rpm,500,0, 0,45623,ping,40.13,odo,68176
2015-12-24 16:25:10.388256,TRACE_DYNAMICS,str, 1481, esc,1504, aa, -31, -27, -282, angle, -80.44,rpm,500,0, 0,45623,ping,40.13,odo,68176
2015-12-24 16:25:10.416502,TRACE_DYNAMICS,str, 1481, esc,1504, aa, -31, -27, -282, angle, -80.44,rpm,450,0, 0,45623,ping,40.13,odo,68176
2015-12-24 16:25:10.434601,TRACE_DYNAMICS,str, 1481, esc,1504, aa, -31, -27, -282, angle, -80.44,rpm,400,0, 0,45623,ping,40.13,odo,68176
2015-12-24 16:25:10.452686,TRACE_DYNAMICS,str, 1482, esc,1503, aa, -31, -27, -282, angle, -80.44,rpm,500,0, 0,45623,ping,40.13,odo,68176
2015-12-24 16:25:10.470728,TRACE_DYNAMICS,str, 1481, esc,1504, aa, -31, -27, -282, angle, -80.44,rpm,400,0, 0,45623,ping,40.13,odo,68176
2015-12-24 16:25:10.488896,TRACE_DYNAMICS,str, 1482, esc,1504, aa, -31, -27, -282, angle, -80.44,rpm,450,0, 0,45623,ping,40.13,odo,68176
2015-12-24 16:25:10.517169,TRACE_DYNAMICS,str, 1482, esc,1504, aa, -31, -27, -282, angle, -80.44,rpm,400,0, 0,45623,ping,40.13,odo,68176
2015-12-24 16:25:10.535276,TRACE_DYNAMICS,str, 1481, esc,1504, aa, -31, -27, -282, angle, -80.44,rpm,400,0, 0,45623,ping,40.13,odo,68176
2015-12-24 16:25:10.553427,TRACE_DYNAMICS,str, 1481, esc,1504, aa, -31, -27, -282, angle, -80.44,rpm,500,0, 0,45623,ping,40.13,odo,68176
2015-12-24 16:25:10.571426,TRACE_DYNAMICS,str, 1481, esc,1504, aa, -31, -27, -282, angle, -80.44,rpm,400,0, 0,45623,ping,40.13,odo,68176
2015-12-24 16:25:10.589523,TRACE_DYNAMICS,str, 1481, esc,1506, aa, -31, -27, -282, angle, -80.44,rpm,450,0, 0,45623,ping,40.13,odo,68176
2015-12-24 16:25:10.617953,TRACE_DYNAMICS,str, 1481, esc,1506, aa, -31, -27, -282, angle, -80.44,rpm,400,0, 0,45623,ping,40.13,odo,68176
2015-12-24 16:25:10.636018,TRACE_DYNAMICS,str, 1481, esc,1506, aa, -31, -27, -282, angle, -80.44,rpm,500,0, 0,45623,ping,40.13,odo,68176
2015-12-24 16:25:10.654067,TRACE_DYNAMICS,str, 1482, esc,1506, aa, -31, -27, -282, angle, -80.44,rpm,500,0, 0,45623,ping,40.13,odo,68176
2015-12-24 16:25:10.672069,TRACE_DYNAMICS,str, 1482, esc,1506, aa, -31, -27, -282, angle, -80.44,rpm,450,0, 0,45623,ping,40.13,odo,68176
2015-12-24 16:25:10.690109,TRACE_DYNAMICS,str, 1481, esc,1506, aa, -31, -27, -282, angle, -80.44,rpm,500,0, 0,45623,ping,40.13,odo,68176
2015-12-24 16:25:10.708236,TRACE_DYNAMICS,str, 1482, esc,1514, aa, -31, -27, -282, angle, -80.44,rpm,500,0, 0,45623,ping,40.13,odo,68176
2015-12-24 16:25:10.736476,TRACE_DYNAMICS,str, 1481, esc,1516, aa, -31, -27, -282, angle, -80.44,rpm,500,0, 0,45623,ping,40.13,odo,68176
2015-12-24 16:25:10.754559,TRACE_DYNAMICS,str, 1482, esc,1518, aa, -31, -27, -282, angle, -80.44,rpm,400,0, 0,45623,ping,40.13,odo,68176
2015-12-24 16:25:10.772656,TRACE_DYNAMICS,str, 1482, esc,1518, aa, -31, -27, -282, angle, -80.44,rpm,400,0, 0,45623,ping,40.13,odo,68176
2015-12-24 16:25:10.790646,TRACE_DYNAMICS,str, 1481, esc,1518, aa, -31, -27, -282, angle, -80.44,rpm,450,0, 0,45623,ping,40.13,odo,68176
2015-12-24 16:25:10.808666,TRACE_DYNAMICS,str, 1481, esc,1518, aa, -31, -27, -282, angle, -80.44,rpm,400,0, 0,45623,ping,40.13,odo,68176
2015-12-24 16:25:10.836871,TRACE_DYNAMICS,str, 1482, esc,1518, aa, -31, -27, -282, angle, -80.44,rpm,500,0, 0,45623,ping,40.13,odo,68176
2015-12-24 16:25:10.855061,TRACE_DYNAMICS,str, 1481, esc,1544, aa, -31, -27, -282, angle, -80.44,rpm,400,400, 8,45631,ping,40.13,odo,68176
2015-12-24 16:25:10.873248,TRACE_DYNAMICS,str, 1482, esc,1548, aa, -31, -27, -282, angle, -80.44,rpm,450,450, 9,45640,ping,40.13,odo,68176
2015-12-24 16:25:10.891349,TRACE_DYNAMICS,str, 1482, esc,1554, aa, -31, -27, -282, angle, -80.44,rpm,400,400, 8,45648,ping,40.13,odo,68176
2015-12-24 16:25:10.909586,TRACE_DYNAMICS,str, 1482, esc,1553, aa, -31, -27, -282, angle, -80.44,rpm,500,500, 10,45658,ping,40.13,odo,68176
2015-12-24 16:25:10.937713,TRACE_DYNAMICS,str, 1480, esc,1554, aa, -31, -27, -282, angle, -80.44,rpm,0,0, 0,45658,ping,40.13,odo,68176
2015-12-24 16:25:10.955936,TRACE_DYNAMICS,str, 1481, esc,1554, aa, -31, -27, -282, angle, -80.44,rpm,400,400, 8,45666,ping,40.13,odo,68176
2015-12-24 16:25:10.974318,TRACE_DYNAMICS,str, 1482, esc,1553, aa, -31, -27, -282, angle, -80.44,rpm,1100,1100, 22,45688,ping,40.13,odo,68176
2015-12-24 16:25:10.992544,TRACE_DYNAMICS,str, 1481, esc,1554, aa, -31, -27, -282, angle, -80.44,rpm,900,900, 18,45706,ping,40.13,odo,68178
2015-12-24 16:25:11.010703,TRACE_DYNAMICS,str, 1481, esc,1554, aa, -31, -27, -282, angle, -80.44,rpm,650,650, 13,45719,ping,40.13,odo,68180
2015-12-24 16:25:11.028895,TRACE_DYNAMICS,str, 1481, esc,1554, aa, -31, -27, -282, angle, -80.44,rpm,450,450, 9,45728,ping,40.13,odo,68183
2015-12-24 16:25:11.057266,TRACE_DYNAMICS,str, 1481, esc,1554, aa, -31, -27, -282, angle, -80.44,rpm,250,250, 5,45733,ping,40.13,odo,68186
2015-12-24 16:25:11.075462,TRACE_DYNAMICS,str, 1481, esc,1554, aa, -31, -27, -282, angle, -80.44,rpm,150,150, 3,45736,ping,40.13,odo,68190
2015-12-24 16:25:11.093613,TRACE_DYNAMICS,str, 1482, esc,1554, aa, -31, -27, -282, angle, -80.44,rpm,250,250, 5,45741,ping,40.13,odo,68193
2015-12-24 16:25:11.111704,TRACE_DYNAMICS,str, 1480, esc,1554, aa, -31, -27, -282, angle, -80.44,rpm,300,300, 6,45747,ping,40.13,odo,68198
2015-12-24 16:25:11.129892,TRACE_DYNAMICS,str, 1480, esc,1554, aa, -31, -27, -282, angle, -80.44,rpm,250,250, 5,45752,ping,40.13,odo,68202
2015-12-24 16:25:11.148090,TRACE_DYNAMICS,str, 1479, esc,1554, aa, -31, -27, -282, angle, -80.44,rpm,150,150, 3,45755,ping,39.35,odo,68208
2015-12-24 16:25:11.176567,TRACE_DYNAMICS,str, 1480, esc,1554, aa, -31, -27, -282, angle, -80.44,rpm,250,250, 5,45760,ping,39.35,odo,68213
2015-12-24 16:25:11.194845,TRACE_DYNAMICS,str, 1480, esc,1554, aa, -31, -27, -282, angle, -80.44,rpm,250,250, 5,45765,ping,39.35,odo,68219
2015-12-24 16:25:11.213121,TRACE_DYNAMICS,str, 1479, esc,1554, aa, -31, -27, -282, angle, -80.44,rpm,200,200, 4,45769,ping,39.35,odo,68225
2015-12-24 16:25:11.231243,TRACE_DYNAMICS,str, 1479, esc,1554, aa, -31, -27, -282, angle, -80.44,rpm,250,250, 5,45774,ping,39.35,odo,68231
2015-12-24 16:25:11.249463,TRACE_DYNAMICS,str, 1480, esc,1554, aa, -31, -27, -282, angle, -80.44,rpm,200,200, 4,45778,ping,126.64,odo,68237
2015-12-24 16:25:11.267667,TRACE_DYNAMICS,str, 1480, esc,1554, aa, -31, -27, -282, angle, -80.44,rpm,200,200, 4,45782,ping,126.64,odo,68244
2015-12-24 16:25:11.296054,TRACE_DYNAMICS,str, 1479, esc,1554, aa, -31, -27, -282, angle, -80.44,rpm,300,300, 6,45788,ping,126.64,odo,68251
2015-12-24 16:25:11.314477,TRACE_DYNAMICS,str, 1479, esc,1553, aa, -31, -27, -282, angle, -80.44,rpm,200,200, 4,45792,ping,126.64,odo,68259
2015-12-24 16:25:11.332756,TRACE_DYNAMICS,str, 1479, esc,1553, aa, -31, -27, -282, angle, -80.44,rpm,300,300, 6,45798,ping,126.64,odo,68267
2015-12-24 16:25:11.350942,TRACE_DYNAMICS,str, 1480, esc,1554, aa, -31, -27, -282, angle, -80.44,rpm,250,250, 5,45803,ping,126.64,odo,68274
2015-12-24 16:25:11.369161,TRACE_DYNAMICS,str, 1480, esc,1554, aa, -31, -27, -282, angle, -80.44,rpm,250,250, 5,45808,ping,126.64,odo,68283
2015-12-24 16:25:11.397537,TRACE_DYNAMICS,str, 1479, esc,1554, aa, -31, -27, -282, angle, -80.44,rpm,300,300, 6,45814,ping,126.64,odo,68291
2015-12-24 16:25:11.415813,TRACE_DYNAMICS,str, 1480, esc,1555, aa, -31, -27, -282, angle, -80.44,rpm,300,300, 6,45820,ping,126.64,odo,68299
2015-12-24 16:25:11.434046,TRACE_DYNAMICS,str, 1480, esc,1554, aa, -31, -27, -282, angle, -80.44,rpm,300,300, 6,45826,ping,126.64,odo,68307
2015-12-24 16:25:11.452205,TRACE_DYNAMICS,str, 1479, esc,1554, aa, -31, -27, -282, angle, -80.44,rpm,250,250, 5,45831,ping,126.64,odo,68315
2015-12-24 16:25:11.470407,TRACE_DYNAMICS,str, 1479, esc,1554, aa, -31, -27, -282, angle, -80.44,rpm,350,350, 7,45838,ping,126.64,odo,68324
2015-12-24 16:25:11.488700,TRACE_DYNAMICS,str, 1479, esc,1554, aa, -31, -27, -282, angle, -80.44,rpm,300,300, 6,45844,ping,126.64,odo,68334
2015-12-24 16:25:11.517351,TRACE_DYNAMICS,str, 1479, esc,1554, aa, -31, -27, -282, angle, -80.44,rpm,350,350, 7,45851,ping,126.64,odo,68343
2015-12-24 16:25:11.535657,TRACE_DYNAMICS,str, 1480, esc,1554, aa, -31, -27, -282, angle, -80.44,rpm,300,300, 6,45857,ping,126.64,odo,68352
2015-12-24 16:25:11.554006,TRACE_DYNAMICS,str, 1479, esc,1554, aa, -31, -27, -282, angle, -80.44,rpm,300,300, 6,45863,ping,125.25,odo,68362
2015-12-24 16:25:11.572179,TRACE_DYNAMICS,str, 1479, esc,1552, aa, -31, -27, -282, angle, -80.44,rpm,350,350, 7,45870,ping,125.25,odo,68372
2015-12-24 16:25:11.590395,TRACE_DYNAMICS,str, 1479, esc,1552, aa, -31, -27, -282, angle, -80.44,rpm,350,350, 7,45877,ping,125.25,odo,68382
2015-12-24 16:25:11.608594,TRACE_DYNAMICS,str, 1479, esc,1552, aa, -31, -27, -282, angle, -80.44,rpm,350,350, 7,45884,ping,125.25,odo,68392
2015-12-24 16:25:11.636965,TRACE_DYNAMICS,str, 1479, esc,1550, aa, -31, -27, -282, angle, -80.44,rpm,350,350, 7,45891,ping,125.25,odo,68403
2015-12-24 16:25:11.655125,TRACE_DYNAMICS,str, 1479, esc,1550, aa, -31, -27, -282, angle, -80.44,rpm,350,350, 7,45898,ping,68.64,odo,68413
2015-12-24 16:25:11.673282,TRACE_DYNAMICS,str, 1479, esc,1549, aa, -31, -27, -282, angle, -80.44,rpm,350,350, 7,45905,ping,68.64,odo,68424
2015-12-24 16:25:11.691357,TRACE_DYNAMICS,str, 1479, esc,1548, aa, -31, -27, -282, angle, -80.44,rpm,350,350, 7,45912,ping,68.64,odo,68435
2015-12-24 16:25:11.709509,TRACE_DYNAMICS,str, 1480, esc,1548, aa, -31, -27, -282, angle, -80.44,rpm,400,400, 8,45920,ping,68.64,odo,68446
2015-12-24 16:25:11.737855,TRACE_DYNAMICS,str, 1479, esc,1548, aa, -31, -27, -282, angle, -80.44,rpm,350,350, 7,45927,ping,68.64,odo,68456
2015-12-24 16:25:11.756041,TRACE_DYNAMICS,str, 1480, esc,1548, aa, -31, -27, -282, angle, -80.44,rpm,400,400, 8,45935,ping,38.46,odo,68467
2015-12-24 16:25:11.774210,TRACE_DYNAMICS,str, 1480, esc,1548, aa, -31, -27, -282, angle, -80.44,rpm,350,350, 7,45942,ping,38.46,odo,68478
2015-12-24 16:25:11.792282,TRACE_DYNAMICS,str, 1479, esc,1547, aa, -31, -27, -282, angle, -80.44,rpm,400,400, 8,45950,ping,38.46,odo,68489
2015-12-24 16:25:11.810413,TRACE_DYNAMICS,str, 1479, esc,1548, aa, -31, -27, -282, angle, -80.44,rpm,400,400, 8,45958,ping,38.46,odo,68500
2015-12-24 16:25:11.828552,TRACE_DYNAMICS,str, 1479, esc,1548, aa, -31, -27, -282, angle, -80.44,rpm,400,400, 8,45966,ping,38.46,odo,68512
2015-12-24 16:25:11.856940,TRACE_DYNAMICS,str, 1479, esc,1548, aa, -31, -27, -282, angle, -80.44,rpm,400,400, 8,45974,ping,103.76,odo,68524
2015-12-24 16:25:11.875156,TRACE_DYNAMICS,str, 1480, esc,1547, aa, -31, -27, -282, angle, -80.44,rpm,400,400, 8,45982,ping,103.76,odo,68535
2015-12-24 16:25:11.893428,TRACE_DYNAMICS,str, 1479, esc,1548, aa, -31, -27, -282, angle, -80.44,rpm,400,400, 8,45990,ping,103.76,odo,68547
2015-12-24 16:25:11.911592,TRACE_DYNAMICS,str, 1480, esc,1548, aa, -31, -27, -282, angle, -80.44,rpm,450,450, 9,45999,ping,103.76,odo,68559
2015-12-24 16:25:11.929828,TRACE_DYNAMICS,str, 1477, esc,1548, aa, -31, -27, -282, angle, -80.44,rpm,400,400, 8,46007,ping,103.76,odo,68572
2015-12-24 16:25:11.948065,TRACE_DYNAMICS,str, 1479, esc,1548, aa, -31, -27, -282, angle, -80.44,rpm,450,450, 9,46016,ping,103.76,odo,68584
2015-12-24 16:25:11.976434,TRACE_DYNAMICS,str, 1479, esc,1548, aa, -31, -27, -282, angle, -80.44,rpm,400,400, 8,46024,ping,103.76,odo,68597
2015-12-24 16:25:11.994636,TRACE_DYNAMICS,str, 1480, esc,1548, aa, -31, -27, -282, angle, -80.44,rpm,450,450, 9,46033,ping,103.76,odo,68609
2015-12-24 16:25:12.012921,TRACE_DYNAMICS,str, 1479, esc,1548, aa, -31, -27, -282, angle, -80.44,rpm,450,450, 9,46042,ping,103.76,odo,68622
2015-12-24 16:25:12.031084,TRACE_DYNAMICS,str, 1479, esc,1548, aa, -31, -27, -282, angle, -80.44,rpm,400,400, 8,46050,ping,103.76,odo,68636
2015-12-24 16:25:12.049328,TRACE_DYNAMICS,str, 1480, esc,1548, aa, -31, -27, -282, angle, -80.44,rpm,450,450, 9,46059,ping,103.76,odo,68649
2015-12-24 16:25:12.067575,TRACE_DYNAMICS,str, 1479, esc,1548, aa, -31, -27, -282, angle, -80.44,rpm,450,450, 9,46068,ping,103.76,odo,68662
2015-12-24 16:25:12.095968,TRACE_DYNAMICS,str, 1480, esc,1548, aa, -31, -27, -282, angle, -80.44,rpm,450,450, 9,46077,ping,103.76,odo,68676
2015-12-24 16:25:12.114285,TRACE_DYNAMICS,str, 1479, esc,1548, aa, -31, -27, -282, angle, -80.44,rpm,450,450, 9,46086,ping,103.76,odo,68689
2015-12-24 16:25:12.132534,TRACE_DYNAMICS,str, 1480, esc,1548, aa, -31, -27, -282, angle, -80.44,rpm,450,450, 9,46095,ping,103.76,odo,68703
2015-12-24 16:25:12.150719,TRACE_DYNAMICS,str, 1479, esc,1538, aa, -31, -27, -282, angle, -80.44,rpm,450,450, 9,46104,ping,103.76,odo,68717
2015-12-24 16:25:12.168943,TRACE_DYNAMICS,str, 1479, esc,1522, aa, -31, -27, -282, angle, -80.44,rpm,450,450, 9,46113,ping,103.76,odo,68730
2015-12-24 16:25:12.197330,TRACE_DYNAMICS,str, 1480, esc,1500, aa, -31, -27, -282, angle, -80.44,rpm,450,450, 9,46122,ping,103.76,odo,68744
2015-12-24 16:25:12.215634,TRACE_DYNAMICS,str, 1479, esc,1498, aa, -31, -27, -282, angle, -80.44,rpm,400,400, 8,46130,ping,103.76,odo,68757
2015-12-24 16:25:12.233861,TRACE_DYNAMICS,str, 1479, esc,1498, aa, -31, -27, -282, angle, -80.44,rpm,350,350, 7,46137,ping,103.76,odo,68771
2015-12-24 16:25:12.251991,TRACE_DYNAMICS,str, 1479, esc,1498, aa, -31, -27, -282, angle, -80.44,rpm,350,350, 7,46144,ping,113.68,odo,68784
2015-12-24 16:25:12.270114,TRACE_DYNAMICS,str, 1479, esc,1498, aa, -31, -27, -282, angle, -80.44,rpm,350,350, 7,46151,ping,113.68,odo,68796
2015-12-24 16:25:12.288318,TRACE_DYNAMICS,str, 1479, esc,1498, aa, -31, -27, -282, angle, -80.44,rpm,350,350, 7,46158,ping,113.68,odo,68808
2015-12-24 16:25:12.316789,TRACE_DYNAMICS,str, 1480, esc,1497, aa, -31, -27, -282, angle, -80.44,rpm,350,350, 7,46165,ping,113.68,odo,68820
2015-12-24 16:25:12.335032,TRACE_DYNAMICS,str, 1480, esc,1498, aa, -31, -27, -282, angle, -80.44,rpm,350,350, 7,46172,ping,113.68,odo,68832
2015-12-24 16:25:12.353242,TRACE_DYNAMICS,str, 1479, esc,1498, aa, -31, -27, -282, angle, -80.44,rpm,400,400, 8,46180,ping,113.68,odo,68845
2015-12-24 16:25:12.371384,TRACE_DYNAMICS,str, 1479, esc,1498, aa, -31, -27, -282, angle, -80.44,rpm,300,300, 6,46186,ping,113.68,odo,68857
2015-12-24 16:25:12.389592,TRACE_DYNAMICS,str, 1480, esc,1498, aa, -31, -27, -282, angle, -80.44,rpm,300,300, 6,46192,ping,113.68,odo,68868
2015-12-24 16:25:12.418042,TRACE_DYNAMICS,str, 1479, esc,1498, aa, -31, -27, -282, angle, -80.44,rpm,350,350, 7,46199,ping,113.68,odo,68879
2015-12-24 16:25:12.436280,TRACE_DYNAMICS,str, 1480, esc,1497, aa, -31, -27, -282, angle, -80.44,rpm,300,300, 6,46205,ping,113.68,odo,68889
2015-12-24 16:25:12.454516,TRACE_DYNAMICS,str, 1479, esc,1498, aa, -31, -27, -282, angle, -80.44,rpm,300,300, 6,46211,ping,119.90,odo,68899
2015-12-24 16:25:12.472826,TRACE_DYNAMICS,str, 1480, esc,1498, aa, -31, -27, -282, angle, -80.44,rpm,300,300, 6,46217,ping,119.90,odo,68910
2015-12-24 16:25:12.491051,TRACE_DYNAMICS,str, 1479, esc,1498, aa, -31, -27, -282, angle, -80.44,rpm,250,250, 5,46222,ping,119.90,odo,68919
2015-12-24 16:25:12.509321,TRACE_DYNAMICS,str, 1479, esc,1498, aa, -31, -27, -282, angle, -80.44,rpm,300,300, 6,46228,ping,119.90,odo,68929
2015-12-24 16:25:12.537727,TRACE_DYNAMICS,str, 1479, esc,1500, aa, -31, -27, -282, angle, -80.44,rpm,300,300, 6,46234,ping,119.90,odo,68938
2015-12-24 16:25:12.556043,TRACE_DYNAMICS,str, 1480, esc,1499, aa, -31, -27, -282, angle, -80.44,rpm,250,250, 5,46239,ping,119.90,odo,68948
2015-12-24 16:25:12.574271,TRACE_DYNAMICS,str, 1480, esc,1501, aa, -31, -27, -282, angle, -80.44,rpm,350,350, 7,46246,ping,119.90,odo,68957
2015-12-24 16:25:12.592475,TRACE_DYNAMICS,str, 1479, esc,1502, aa, -31, -27, -282, angle, -80.44,rpm,300,300, 6,46252,ping,119.90,odo,68965
2015-12-24 16:25:12.610611,TRACE_DYNAMICS,str, 1479, esc,1502, aa, -31, -27, -282, angle, -80.44,rpm,200,200, 4,46256,ping,119.90,odo,68973
2015-12-24 16:25:12.628819,TRACE_DYNAMICS,str, 1479, esc,1502, aa, -31, -27, -282, angle, -80.44,rpm,350,350, 7,46263,ping,119.90,odo,68981
2015-12-24 16:25:12.657170,TRACE_DYNAMICS,str, 1479, esc,1504, aa, -31, -27, -282, angle, -80.44,rpm,350,350, 7,46270,ping,31.05,odo,68989
2015-12-24 16:25:12.675339,TRACE_DYNAMICS,str, 1480, esc,1505, aa, -31, -27, -282, angle, -80.44,rpm,200,200, 4,46274,ping,31.05,odo,68996
2015-12-24 16:25:12.693479,TRACE_DYNAMICS,str, 1479, esc,1508, aa, -31, -27, -282, angle, -80.44,rpm,250,250, 5,46279,ping,31.05,odo,69004
2015-12-24 16:25:12.711567,TRACE_DYNAMICS,str, 1480, esc,1510, aa, -31, -27, -282, angle, -80.44,rpm,200,200, 4,46283,ping,31.05,odo,69011
2015-12-24 16:25:12.729719,TRACE_DYNAMICS,str, 1479, esc,1534, aa, -31, -27, -282, angle, -80.44,rpm,450,450, 9,46292,ping,31.05,odo,69018
2015-12-24 16:25:12.747885,TRACE_DYNAMICS,str, 1479, esc,1564, aa, -31, -27, -282, angle, -80.44,rpm,250,250, 5,46297,ping,31.05,odo,69024
2015-12-24 16:25:12.776258,TRACE_DYNAMICS,str, 1479, esc,1572, aa, -31, -27, -282, angle, -80.44,rpm,250,250, 5,46302,ping,31.05,odo,69031
2015-12-24 16:25:12.794432,TRACE_DYNAMICS,str, 1480, esc,1572, aa, -31, -27, -282, angle, -80.44,rpm,200,200, 4,46306,ping,31.05,odo,69038
2015-12-24 16:25:12.812654,TRACE_DYNAMICS,str, 1479, esc,1572, aa, -31, -27, -282, angle, -80.44,rpm,300,300, 6,46312,ping,31.05,odo,69044
2015-12-24 16:25:12.830742,TRACE_DYNAMICS,str, 1480, esc,1566, aa, -31, -27, -282, angle, -80.44,rpm,300,300, 6,46318,ping,31.05,odo,69051
2015-12-24 16:25:12.848883,TRACE_DYNAMICS,str, 1480, esc,1556, aa, -31, -27, -282, angle, -80.44,rpm,250,250, 5,46323,ping,31.05,odo,69058
2015-12-24 16:25:12.877166,TRACE_DYNAMICS,str, 1479, esc,1514, aa, -31, -27, -282, angle, -80.44,rpm,250,250, 5,46328,ping,31.05,odo,69065
2015-12-24 16:25:12.895430,TRACE_DYNAMICS,str, 1479, esc,1503, aa, -31, -27, -282, angle, -80.44,rpm,250,250, 5,46333,ping,31.05,odo,69071
2015-12-24 16:25:12.913791,TRACE_DYNAMICS,str, 1479, esc,1500, aa, -31, -27, -282, angle, -80.44,rpm,200,200, 4,46337,ping,31.05,odo,69079
2015-12-24 16:25:12.931955,TRACE_DYNAMICS,str, 1479, esc,1497, aa, -31, -27, -282, angle, -80.44,rpm,300,300, 6,46343,ping,31.05,odo,69086
2015-12-24 16:25:12.950067,TRACE_DYNAMICS,str, 1480, esc,1497, aa, -31, -27, -282, angle, -80.44,rpm,300,300, 6,46349,ping,31.05,odo,69093
2015-12-24 16:25:12.968227,TRACE_DYNAMICS,str, 1479, esc,1497, aa, -31, -27, -282, angle, -80.44,rpm,200,200, 4,46353,ping,31.05,odo,69099
2015-12-24 16:25:12.996528,TRACE_DYNAMICS,str, 1479, esc,1498, aa, -31, -27, -282, angle, -80.44,rpm,250,250, 5,46358,ping,31.05,odo,69106
2015-12-24 16:25:13.014740,TRACE_DYNAMICS,str, 1479, esc,1498, aa, -31, -27, -282, angle, -80.44,rpm,200,200, 4,46362,ping,31.05,odo,69113
2015-12-24 16:25:13.032886,TRACE_DYNAMICS,str, 1480, esc,1498, aa, -31, -27, -282, angle, -80.44,rpm,200,200, 4,46366,ping,31.05,odo,69119
2015-12-24 16:25:13.051021,TRACE_DYNAMICS,str, 1479, esc,1498, aa, -31, -27, -282, angle, -80.44,rpm,300,300, 6,46372,ping,37.77,odo,69126
2015-12-24 16:25:13.069307,TRACE_DYNAMICS,str, 1479, esc,1498, aa, -31, -27, -282, angle, -80.44,rpm,200,200, 4,46376,ping,37.77,odo,69132
2015-12-24 16:25:13.097661,TRACE_DYNAMICS,str, 1479, esc,1498, aa, -31, -27, -282, angle, -80.44,rpm,250,250, 5,46381,ping,37.77,odo,69137
2015-12-24 16:25:13.115927,TRACE_DYNAMICS,str, 1479, esc,1497, aa, -31, -27, -282, angle, -80.44,rpm,150,150, 3,46384,ping,37.77,odo,69143
2015-12-24 16:25:13.134116,TRACE_DYNAMICS,str, 1479, esc,1498, aa, -31, -27, -282, angle, -80.44,rpm,300,300, 6,46390,ping,37.77,odo,69148
2015-12-24 16:25:13.152223,TRACE_DYNAMICS,str, 1479, esc,1498, aa, -31, -27, -282, angle, -80.44,rpm,250,250, 5,46395,ping,53.99,odo,69154
2015-12-24 16:25:13.170386,TRACE_DYNAMICS,str, 1479, esc,1498, aa, -31, -27, -282, angle, -80.44,rpm,250,250, 5,46400,ping,53.99,odo,69159
2015-12-24 16:25:13.188530,TRACE_DYNAMICS,str, 1479, esc,1498, aa, -31, -27, -282, angle, -80.44,rpm,300,300, 6,46406,ping,53.99,odo,69164
2015-12-24 16:25:13.216898,TRACE_DYNAMICS,str, 1479, esc,1498, aa, -31, -27, -282, angle, -80.44,rpm,300,300, 6,46412,ping,53.99,odo,69169
2015-12-24 16:25:13.235042,TRACE_DYNAMICS,str, 1479, esc,1498, aa, -31, -27, -282, angle, -80.44,rpm,300,300, 6,46418,ping,53.99,odo,69173
2015-12-24 16:25:13.253188,TRACE_DYNAMICS,str, 1480, esc,1498, aa, -31, -27, -282, angle, -80.44,rpm,200,200, 4,46422,ping,53.99,odo,69178
2015-12-24 16:25:13.271275,TRACE_DYNAMICS,str, 1479, esc,1498, aa, -31, -27, -282, angle, -80.44,rpm,450,450, 9,46431,ping,53.99,odo,69182
2015-12-24 16:25:13.289439,TRACE_DYNAMICS,str, 1479, esc,1497, aa, -31, -27, -282, angle, -80.44,rpm,200,200, 4,46435,ping,53.99,odo,69186
2015-12-24 16:25:13.317853,TRACE_DYNAMICS,str, 1479, esc,1497, aa, -31, -27, -282, angle, -80.44,rpm,400,400, 8,46443,ping,53.99,odo,69191
2015-12-24 16:25:13.336035,TRACE_DYNAMICS,str, 1479, esc,1498, aa, -31, -27, -282, angle, -80.44,rpm,400,400, 8,46451,ping,53.99,odo,69194
2015-12-24 16:25:13.354179,TRACE_DYNAMICS,str, 1480, esc,1498, aa, -31, -27, -282, angle, -80.44,rpm,450,450, 9,46460,ping,60.36,odo,69197
2015-12-24 16:25:13.372245,TRACE_DYNAMICS,str, 1479, esc,1498, aa, -31, -27, -282, angle, -80.44,rpm,450,450, 9,46469,ping,60.36,odo,69201
2015-12-24 16:25:13.390367,TRACE_DYNAMICS,str, 1479, esc,1498, aa, -31, -27, -282, angle, -80.44,rpm,400,400, 8,46477,ping,60.36,odo,69204
2015-12-24 16:25:13.408563,TRACE_DYNAMICS,str, 1480, esc,1498, aa, -31, -27, -282, angle, -80.44,rpm,500,500, 10,46487,ping,60.36,odo,69207
2015-12-24 16:25:13.436858,TRACE_DYNAMICS,str, 1479, esc,1498, aa, -31, -27, -282, angle, -80.44,rpm,400,400, 8,46495,ping,60.36,odo,69211
2015-12-24 16:25:13.455025,TRACE_DYNAMICS,str, 1480, esc,1498, aa, -31, -27, -282, angle, -80.44,rpm,200,200, 4,46499,ping,60.36,odo,69214
2015-12-24 16:25:13.473284,TRACE_DYNAMICS,str, 1479, esc,1498, aa, -31, -27, -282, angle, -80.44,rpm,500,500, 10,46509,ping,60.36,odo,69216
2015-12-24 16:25:13.491503,TRACE_DYNAMICS,str, 1480, esc,1497, aa, -31, -27, -282, angle, -80.44,rpm,550,550, 11,46520,ping,60.36,odo,69219
2015-12-24 16:25:13.509864,TRACE_DYNAMICS,str, 1480, esc,1498, aa, -31, -27, -282, angle, -80.44,rpm,250,250, 5,46525,ping,60.36,odo,69222
2015-12-24 16:25:13.538238,TRACE_DYNAMICS,str, 1479, esc,1498, aa, -31, -27, -282, angle, -80.44,rpm,300,300, 6,46531,ping,60.36,odo,69225
2015-12-24 16:25:13.556527,TRACE_DYNAMICS,str, 1479, esc,1498, aa, -31, -27, -282, angle, -80.44,rpm,300,300, 6,46537,ping,60.36,odo,69227
2015-12-24 16:25:13.574703,TRACE_DYNAMICS,str, 1480, esc,1498, aa, -31, -27, -282, angle, -80.44,rpm,350,350, 7,46544,ping,60.36,odo,69230
2015-12-24 16:25:13.592849,TRACE_DYNAMICS,str, 1479, esc,1498, aa, -31, -27, -282, angle, -80.44,rpm,450,450, 9,46553,ping,60.36,odo,69232
2015-12-24 16:25:13.610916,TRACE_DYNAMICS,str, 1479, esc,1498, aa, -31, -27, -282, angle, -80.44,rpm,350,350, 7,46560,ping,60.36,odo,69234
2015-12-24 16:25:13.629146,TRACE_DYNAMICS,str, 1480, esc,1498, aa, -31, -27, -282, angle, -80.44,rpm,350,350, 7,46567,ping,60.36,odo,69236
2015-12-24 16:25:13.657559,TRACE_DYNAMICS,str, 1479, esc,1498, aa, -31, -27, -282, angle, -80.44,rpm,400,400, 8,46575,ping,60.36,odo,69238
2015-12-24 16:25:13.675740,TRACE_DYNAMICS,str, 1479, esc,1498, aa, -31, -27, -282, angle, -80.44,rpm,400,400, 8,46583,ping,60.36,odo,69240
2015-12-24 16:25:13.693963,TRACE_DYNAMICS,str, 1480, esc,1497, aa, -31, -27, -282, angle, -80.44,rpm,500,500, 10,46593,ping,60.36,odo,69242
2015-12-24 16:25:13.712047,TRACE_DYNAMICS,str, 1479, esc,1498, aa, -31, -27, -282, angle, -80.44,rpm,300,300, 6,46599,ping,60.36,odo,69243
2015-12-24 16:25:13.730323,TRACE_DYNAMICS,str, 1479, esc,1498, aa, -31, -27, -282, angle, -80.44,rpm,500,500, 10,46609,ping,60.36,odo,69245
2015-12-24 16:25:13.748470,TRACE_DYNAMICS,str, 1479, esc,1498, aa, -31, -27, -282, angle, -80.44,rpm,300,300, 6,46615,ping,92.74,odo,69246
2015-12-24 16:25:13.776854,TRACE_DYNAMICS,str, 1479, esc,1498, aa, -31, -27, -282, angle, -80.44,rpm,500,500, 10,46625,ping,92.74,odo,69248
2015-12-24 16:25:13.795069,TRACE_DYNAMICS,str, 1479, esc,1498, aa, -31, -27, -282, angle, -80.44,rpm,500,500, 10,46635,ping,92.74,odo,69250
2015-12-24 16:25:13.813345,TRACE_DYNAMICS,str, 1480, esc,1497, aa, -31, -27, -282, angle, -80.44,rpm,500,500, 10,46645,ping,92.74,odo,69251
2015-12-24 16:25:13.831523,TRACE_DYNAMICS,str, 1479, esc,1498, aa, -31, -27, -282, angle, -80.44,rpm,550,550, 11,46656,ping,92.74,odo,69252
2015-12-24 16:25:13.849683,TRACE_DYNAMICS,str, 1479, esc,1498, aa, -31, -27, -282, angle, -80.44,rpm,450,450, 9,46665,ping,84.08,odo,69253
2015-12-24 16:25:13.867894,TRACE_DYNAMICS,str, 1479, esc,1498, aa, -31, -27, -282, angle, -80.44,rpm,500,500, 10,46675,ping,84.08,odo,69254
2015-12-24 16:25:13.896241,TRACE_DYNAMICS,str, 1480, esc,1498, aa, -31, -27, -282, angle, -80.44,rpm,500,500, 10,46685,ping,84.08,odo,69255
2015-12-24 16:25:13.914508,TRACE_DYNAMICS,str, 1479, esc,1498, aa, -31, -27, -282, angle, -80.44,rpm,500,500, 10,46695,ping,84.08,odo,69256
2015-12-24 16:25:13.932663,TRACE_DYNAMICS,str, 1479, esc,1498, aa, -31, -27, -282, angle, -80.44,rpm,450,450, 9,46704,ping,84.08,odo,69257
2015-12-24 16:25:13.950744,TRACE_DYNAMICS,str, 1479, esc,1498, aa, -31, -27, -282, angle, -80.44,rpm,450,450, 9,46713,ping,84.08,odo,69258
2015-12-24 16:25:13.968942,TRACE_DYNAMICS,str, 1479, esc,1498, aa, -31, -27, -282, angle, -80.44,rpm,500,500, 10,46723,ping,84.08,odo,69259
2015-12-24 16:25:13.997306,TRACE_DYNAMICS,str, 1480, esc,1498, aa, -31, -27, -282, angle, -80.44,rpm,550,550, 11,46734,ping,84.08,odo,69259
2015-12-24 16:25:14.015521,TRACE_DYNAMICS,str, 1480, esc,1498, aa, -31, -27, -282, angle, -80.44,rpm,350,350, 7,46741,ping,84.08,odo,69260
2015-12-24 16:25:14.033744,TRACE_DYNAMICS,str, 1479, esc,1498, aa, -31, -27, -282, angle, -80.44,rpm,500,500, 10,46751,ping,84.08,odo,69261
2015-12-24 16:25:14.051897,TRACE_DYNAMICS,str, 1480, esc,1498, aa, -31, -27, -282, angle, -80.44,rpm,500,500, 10,46761,ping,84.08,odo,69261
2015-12-24 16:25:14.070085,TRACE_DYNAMICS,str, 1479, esc,1498, aa, -31, -27, -282, angle, -80.44,rpm,500,500, 10,46771,ping,84.08,odo,69261
2015-12-24 16:25:14.088289,TRACE_DYNAMICS,str, 1480, esc,1498, aa, -31, -27, -282, angle, -80.44,rpm,500,500, 10,46781,ping,84.08,odo,69261
2015-12-24 16:25:14.116536,TRACE_DYNAMICS,str, 1480, esc,1497, aa, -31, -27, -282, angle, -80.44,rpm,50,50, 1,46782,ping,84.08,odo,69261
2015-12-24 16:25:14.134426,TRACE_DYNAMICS,str, 1479, esc,1497, aa, -31, -27, -282, angle, -80.44,rpm,0,0, 0,46782,ping,84.08,odo,69261
2015-12-24 16:25:14.152241,TRACE_DYNAMICS,str, 1479, esc,1498, aa, -31, -27, -282, angle, -80.44,rpm,0,0, 0,46782,ping,84.08,odo,69261
2015-12-24 16:25:14.170127,TRACE_DYNAMICS,str, 1479, esc,1495, aa, -31, -27, -282, angle, -80.44,rpm,0,0, 0,46782,ping,84.08,odo,69261
2015-12-24 16:25:14.188011,TRACE_DYNAMICS,str, 1479, esc,1496, aa, -31, -27, -282, angle, -80.44,rpm,0,0, 0,46782,ping,84.08,odo,69260
2015-12-24 16:25:14.216131,TRACE_DYNAMICS,str, 1479, esc,1496, aa, -31, -27, -282, angle, -80.44,rpm,0,0, 0,46782,ping,84.08,odo,69260
2015-12-24 16:25:14.234011,TRACE_DYNAMICS,str, 1479, esc,1494, aa, -31, -27, -282, angle, -80.44,rpm,0,0, 0,46782,ping,84.08,odo,69260
2015-12-24 16:25:14.251887,TRACE_DYNAMICS,str, 1479, esc,1494, aa, -31, -27, -282, angle, -80.44,rpm,0,0, 0,46782,ping,84.08,odo,69260
2015-12-24 16:25:14.269749,TRACE_DYNAMICS,str, 1479, esc,1494, aa, -31, -27, -282, angle, -80.44,rpm,0,0, 0,46782,ping,84.08,odo,69259
2015-12-24 16:25:14.297796,TRACE_DYNAMICS,str, 1479, esc,1494, aa, -31, -27, -282, angle, -80.44,rpm,0,0, 0,46782,ping,84.08,odo,69259
2015-12-24 16:25:14.315780,TRACE_DYNAMICS,str, 1479, esc,1492, aa, -31, -27, -282, angle, -80.44,rpm,0,0, 0,46782,ping,84.08,odo,69259
2015-12-24 16:25:14.333694,TRACE_DYNAMICS,str, 1479, esc,1492, aa, -31, -27, -282, angle, -80.44,rpm,0,0, 0,46782,ping,84.08,odo,69259
2015-12-24 16:25:14.351521,TRACE_DYNAMICS,str, 1479, esc,1492, aa, -31, -27, -282, angle, -80.44,rpm,0,0, 0,46782,ping,84.08,odo,69259
2015-12-24 16:25:14.369403,TRACE_DYNAMICS,str, 1480, esc,1488, aa, -31, -27, -282, angle, -80.44,rpm,0,0, 0,46782,ping,84.08,odo,69259
2015-12-24 16:25:14.397426,TRACE_DYNAMICS,str, 1479, esc,1488, aa, -31, -27, -282, angle, -80.44,rpm,0,0, 0,46782,ping,84.08,odo,69259
2015-12-24 16:25:14.415361,TRACE_DYNAMICS,str, 1480, esc,1476, aa, -31, -27, -282, angle, -80.44,rpm,0,0, 0,46782,ping,84.08,odo,69259
2015-12-24 16:25:14.433285,TRACE_DYNAMICS,str, 1480, esc,1466, aa, -31, -27, -282, angle, -80.44,rpm,0,0, 0,46782,ping,84.08,odo,69259
2015-12-24 16:25:14.451142,TRACE_DYNAMICS,str, 1479, esc,1449, aa, -31, -27, -282, angle, -80.44,rpm,0,0, 0,46782,ping,84.08,odo,69259
2015-12-24 16:25:14.469022,TRACE_DYNAMICS,str, 1479, esc,1434, aa, -31, -27, -282, angle, -80.44,rpm,0,0, 0,46782,ping,84.08,odo,69259
2015-12-24 16:25:14.497509,TRACE_DYNAMICS,str, 1480, esc,1410, aa, -31, -27, -282, angle, -80.44,rpm,100,-100, -2,46780,ping,84.08,odo,69259
2015-12-24 16:25:14.515525,TRACE_DYNAMICS,str, 1480, esc,1401, aa, -31, -27, -282, angle, -80.44,rpm,0,0, 0,46780,ping,84.08,odo,69259
2015-12-24 16:25:14.533454,TRACE_DYNAMICS,str, 1479, esc,1390, aa, -31, -27, -282, angle, -80.44,rpm,0,0, 0,46780,ping,84.08,odo,69259
2015-12-24 16:25:14.551283,TRACE_DYNAMICS,str, 1480, esc,1390, aa, -31, -27, -282, angle, -80.44,rpm,0,0, 0,46780,ping,84.08,odo,69258
2015-12-24 16:25:14.569152,TRACE_DYNAMICS,str, 1480, esc,1389, aa, -31, -27, -282, angle, -80.44,rpm,0,0, 0,46780,ping,84.08,odo,69257
2015-12-24 16:25:14.597578,TRACE_DYNAMICS,str, 1480, esc,1387, aa, -31, -27, -282, angle, -80.44,rpm,300,-300, -6,46774,ping,84.08,odo,69256
2015-12-24 16:25:14.615922,TRACE_DYNAMICS,str, 1480, esc,1388, aa, -31, -27, -282, angle, -80.44,rpm,100,-100, -2,46772,ping,84.08,odo,69254
2015-12-24 16:25:14.634211,TRACE_DYNAMICS,str, 1479, esc,1384, aa, -31, -27, -282, angle, -80.44,rpm,300,-300, -6,46766,ping,84.08,odo,69251
2015-12-24 16:25:14.652473,TRACE_DYNAMICS,str, 1479, esc,1384, aa, -31, -27, -282, angle, -80.44,rpm,100,-100, -2,46764,ping,84.08,odo,69248
2015-12-24 16:25:14.670676,TRACE_DYNAMICS,str, 1479, esc,1382, aa, -31, -27, -282, angle, -80.44,rpm,100,-100, -2,46762,ping,84.08,odo,69245
2015-12-24 16:25:14.688926,TRACE_DYNAMICS,str, 1480, esc,1384, aa, -31, -27, -282, angle, -80.44,rpm,200,-200, -4,46758,ping,84.08,odo,69242
2015-12-24 16:25:14.717414,TRACE_DYNAMICS,str, 1479, esc,1384, aa, -31, -27, -282, angle, -80.44,rpm,100,-100, -2,46756,ping,84.08,odo,69238
2015-12-24 16:25:14.735300,TRACE_DYNAMICS,str, 1480, esc,1383, aa, -31, -27, -282, angle, -80.44,rpm,0,0, 0,46756,ping,84.08,odo,69234
2015-12-24 16:25:14.753572,TRACE_DYNAMICS,str, 1480, esc,1384, aa, -31, -27, -282, angle, -80.44,rpm,200,-200, -4,46752,ping,84.08,odo,69230
2015-12-24 16:25:14.771810,TRACE_DYNAMICS,str, 1479, esc,1383, aa, -31, -27, -282, angle, -80.44,rpm,250,-250, -5,46747,ping,84.08,odo,69225
2015-12-24 16:25:14.790103,TRACE_DYNAMICS,str, 1479, esc,1384, aa, -31, -27, -282, angle, -80.44,rpm,250,-250, -5,46742,ping,84.08,odo,69220
2015-12-24 16:25:14.818621,TRACE_DYNAMICS,str, 1479, esc,1387, aa, -31, -27, -282, angle, -80.44,rpm,250,-250, -5,46737,ping,84.08,odo,69215
2015-12-24 16:25:14.836773,TRACE_DYNAMICS,str, 1479, esc,1388, aa, -31, -27, -282, angle, -80.44,rpm,50,-50, -1,46736,ping,84.08,odo,69209
2015-12-24 16:25:14.854720,TRACE_DYNAMICS,str, 1479, esc,1390, aa, -31, -27, -282, angle, -80.44,rpm,0,0, 0,46736,ping,62.86,odo,69203
2015-12-24 16:25:14.872985,TRACE_DYNAMICS,str, 1479, esc,1390, aa, -31, -27, -282, angle, -80.44,rpm,300,-300, -6,46730,ping,62.86,odo,69198
2015-12-24 16:25:14.891192,TRACE_DYNAMICS,str, 1480, esc,1393, aa, -31, -27, -282, angle, -80.44,rpm,200,-200, -4,46726,ping,62.86,odo,69192
2015-12-24 16:25:14.909612,TRACE_DYNAMICS,str, 1479, esc,1393, aa, -31, -27, -282, angle, -80.44,rpm,200,-200, -4,46722,ping,62.86,odo,69185
2015-12-24 16:25:14.938060,TRACE_DYNAMICS,str, 1480, esc,1393, aa, -31, -27, -282, angle, -80.44,rpm,200,-200, -4,46718,ping,62.86,odo,69178
2015-12-24 16:25:14.956339,TRACE_DYNAMICS,str, 1479, esc,1394, aa, -31, -27, -282, angle, -80.44,rpm,250,-250, -5,46713,ping,55.53,odo,69171
2015-12-24 16:25:14.974602,TRACE_DYNAMICS,str, 1479, esc,1390, aa, -31, -27, -282, angle, -80.44,rpm,250,-250, -5,46708,ping,55.53,odo,69164
2015-12-24 16:25:14.992879,TRACE_DYNAMICS,str, 1479, esc,1390, aa, -31, -27, -282, angle, -80.44,rpm,250,-250, -5,46703,ping,55.53,odo,69157
2015-12-24 16:25:15.011111,TRACE_DYNAMICS,str, 1480, esc,1393, aa, -31, -27, -282, angle, -80.44,rpm,250,-250, -5,46698,ping,55.53,odo,69149
2015-12-24 16:25:15.029400,TRACE_DYNAMICS,str, 1480, esc,1394, aa, -31, -27, -282, angle, -80.44,rpm,300,-300, -6,46692,ping,55.53,odo,69142
2015-12-24 16:25:15.057868,TRACE_DYNAMICS,str, 1480, esc,1393, aa, -31, -27, -282, angle, -80.44,rpm,250,-250, -5,46687,ping,55.53,odo,69134
2015-12-24 16:25:15.076171,TRACE_DYNAMICS,str, 1480, esc,1394, aa, -31, -27, -282, angle, -80.44,rpm,300,-300, -6,46681,ping,55.53,odo,69126
2015-12-24 16:25:15.094441,TRACE_DYNAMICS,str, 1480, esc,1390, aa, -31, -27, -282, angle, -80.44,rpm,300,-300, -6,46675,ping,55.53,odo,69118
2015-12-24 16:25:15.112905,TRACE_DYNAMICS,str, 1479, esc,1390, aa, -31, -27, -282, angle, -80.44,rpm,300,-300, -6,46669,ping,55.53,odo,69109
2015-12-24 16:25:15.131131,TRACE_DYNAMICS,str, 1480, esc,1390, aa, -31, -27, -282, angle, -80.44,rpm,250,-250, -5,46664,ping,55.53,odo,69101
2015-12-24 16:25:15.149427,TRACE_DYNAMICS,str, 1480, esc,1390, aa, -31, -27, -282, angle, -80.44,rpm,350,-350, -7,46657,ping,55.53,odo,69092
2015-12-24 16:25:15.177887,TRACE_DYNAMICS,str, 1480, esc,1389, aa, -31, -27, -282, angle, -80.44,rpm,300,-300, -6,46651,ping,55.53,odo,69083
2015-12-24 16:25:15.196371,TRACE_DYNAMICS,str, 1480, esc,1389, aa, -31, -27, -282, angle, -80.44,rpm,350,-350, -7,46644,ping,55.53,odo,69075
2015-12-24 16:25:15.214913,TRACE_DYNAMICS,str, 1479, esc,1390, aa, -31, -27, -282, angle, -80.44,rpm,300,-300, -6,46638,ping,55.53,odo,69065
2015-12-24 16:25:15.233301,TRACE_DYNAMICS,str, 1479, esc,1389, aa, -31, -27, -282, angle, -80.44,rpm,300,-300, -6,46632,ping,55.53,odo,69056
2015-12-24 16:25:15.251544,TRACE_DYNAMICS,str, 1480, esc,1390, aa, -31, -27, -282, angle, -80.44,rpm,350,-350, -7,46625,ping,29.97,odo,69047
2015-12-24 16:25:15.269872,TRACE_DYNAMICS,str, 1479, esc,1390, aa, -31, -27, -282, angle, -80.44,rpm,300,-300, -6,46619,ping,29.97,odo,69037
2015-12-24 16:25:15.298365,TRACE_DYNAMICS,str, 1480, esc,1389, aa, -31, -27, -282, angle, -80.44,rpm,350,-350, -7,46612,ping,29.97,odo,69027
2015-12-24 16:25:15.316771,TRACE_DYNAMICS,str, 1479, esc,1390, aa, -31, -27, -282, angle, -80.44,rpm,400,-400, -8,46604,ping,29.97,odo,69017
2015-12-24 16:25:15.335137,TRACE_DYNAMICS,str, 1479, esc,1390, aa, -31, -27, -282, angle, -80.44,rpm,300,-300, -6,46598,ping,29.97,odo,69007
2015-12-24 16:25:15.353472,TRACE_DYNAMICS,str, 1479, esc,1390, aa, -31, -27, -282, angle, -80.44,rpm,350,-350, -7,46591,ping,43.05,odo,68995
2015-12-24 16:25:15.371692,TRACE_DYNAMICS,str, 1480, esc,1389, aa, -31, -27, -282, angle, -80.44,rpm,350,-350, -7,46584,ping,43.05,odo,68985
2015-12-24 16:25:15.390045,TRACE_DYNAMICS,str, 1479, esc,1390, aa, -31, -27, -282, angle, -80.44,rpm,350,-350, -7,46577,ping,43.05,odo,68975
2015-12-24 16:25:15.418642,TRACE_DYNAMICS,str, 1479, esc,1390, aa, -31, -27, -282, angle, -80.44,rpm,400,-400, -8,46569,ping,43.05,odo,68965
2015-12-24 16:25:15.437082,TRACE_DYNAMICS,str, 1480, esc,1390, aa, -31, -27, -282, angle, -80.44,rpm,350,-350, -7,46562,ping,43.05,odo,68954
2015-12-24 16:25:15.455523,TRACE_DYNAMICS,str, 1479, esc,1390, aa, -31, -27, -282, angle, -80.44,rpm,350,-350, -7,46555,ping,108.39,odo,68944
2015-12-24 16:25:15.473927,TRACE_DYNAMICS,str, 1479, esc,1390, aa, -31, -27, -282, angle, -80.44,rpm,350,-350, -7,46548,ping,108.39,odo,68934
2015-12-24 16:25:15.492253,TRACE_DYNAMICS,str, 1479, esc,1389, aa, -31, -27, -282, angle, -80.44,rpm,400,-400, -8,46540,ping,108.39,odo,68925
2015-12-24 16:25:15.510861,TRACE_DYNAMICS,str, 1479, esc,1390, aa, -31, -27, -282, angle, -80.44,rpm,400,-400, -8,46532,ping,108.39,odo,68914
2015-12-24 16:25:15.529338,TRACE_DYNAMICS,str, 1479, esc,1390, aa, -31, -27, -282, angle, -80.44,rpm,350,-350, -7,46525,ping,108.39,odo,68904
2015-12-24 16:25:15.557989,TRACE_DYNAMICS,str, 1479, esc,1390, aa, -31, -27, -282, angle, -80.44,rpm,400,-400, -8,46517,ping,108.39,odo,68892
2015-12-24 16:25:15.576410,TRACE_DYNAMICS,str, 1479, esc,1390, aa, -31, -27, -282, angle, -80.44,rpm,400,-400, -8,46509,ping,108.39,odo,68882
2015-12-24 16:25:15.594822,TRACE_DYNAMICS,str, 1479, esc,1390, aa, -31, -27, -282, angle, -80.44,rpm,400,-400, -8,46501,ping,108.39,odo,68871
2015-12-24 16:25:15.613275,TRACE_DYNAMICS,str, 1480, esc,1389, aa, -31, -27, -282, angle, -80.44,rpm,400,-400, -8,46493,ping,108.39,odo,68860
2015-12-24 16:25:15.631572,TRACE_DYNAMICS,str, 1479, esc,1390, aa, -31, -27, -282, angle, -80.44,rpm,350,-350, -7,46486,ping,108.39,odo,68847
2015-12-24 16:25:15.649893,TRACE_DYNAMICS,str, 1480, esc,1389, aa, -31, -27, -282, angle, -80.44,rpm,450,-450, -9,46477,ping,23.36,odo,68835
2015-12-24 16:25:15.668210,TRACE_DYNAMICS,str, 1479, esc,1390, aa, -31, -27, -282, angle, -80.44,rpm,400,-400, -8,46469,ping,23.36,odo,68825
2015-12-24 16:25:15.696684,TRACE_DYNAMICS,str, 1479, esc,1390, aa, -31, -27, -282, angle, -80.44,rpm,450,-450, -9,46460,ping,23.36,odo,68813
2015-12-24 16:25:15.715070,TRACE_DYNAMICS,str, 1479, esc,1390, aa, -31, -27, -282, angle, -80.44,rpm,350,-350, -7,46453,ping,23.36,odo,68801
2015-12-24 16:25:15.733423,TRACE_DYNAMICS,str, 1480, esc,1389, aa, -31, -27, -282, angle, -80.44,rpm,400,-400, -8,46445,ping,23.36,odo,68789
2015-12-24 16:25:15.751659,TRACE_DYNAMICS,str, 1479, esc,1390, aa, -31, -27, -282, angle, -80.44,rpm,450,-450, -9,46436,ping,37.38,odo,68777
2015-12-24 16:25:15.769982,TRACE_DYNAMICS,str, 1480, esc,1389, aa, -31, -27, -282, angle, -80.44,rpm,450,-450, -9,46427,ping,37.38,odo,68765
2015-12-24 16:25:15.798474,TRACE_DYNAMICS,str, 1480, esc,1390, aa, -31, -27, -282, angle, -80.44,rpm,350,-350, -7,46420,ping,37.38,odo,68753
2015-12-24 16:25:15.816862,TRACE_DYNAMICS,str, 1479, esc,1390, aa, -31, -27, -282, angle, -80.44,rpm,450,-450, -9,46411,ping,37.38,odo,68742
2015-12-24 16:25:15.835199,TRACE_DYNAMICS,str, 1480, esc,1389, aa, -31, -27, -282, angle, -80.44,rpm,450,-450, -9,46402,ping,37.38,odo,68730
2015-12-24 16:25:15.853513,TRACE_DYNAMICS,str, 1479, esc,1389, aa, -31, -27, -282, angle, -80.44,rpm,400,-400, -8,46394,ping,75.59,odo,68717
2015-12-24 16:25:15.871782,TRACE_DYNAMICS,str, 1479, esc,1389, aa, -31, -27, -282, angle, -80.44,rpm,500,-500, -10,46384,ping,75.59,odo,68705
2015-12-24 16:25:15.890134,TRACE_DYNAMICS,str, 1480, esc,1389, aa, -31, -27, -282, angle, -80.44,rpm,400,-400, -8,46376,ping,75.59,odo,68692
2015-12-24 16:25:15.918748,TRACE_DYNAMICS,str, 1479, esc,1389, aa, -31, -27, -282, angle, -80.44,rpm,450,-450, -9,46367,ping,75.59,odo,68680
2015-12-24 16:25:15.937124,TRACE_DYNAMICS,str, 1480, esc,1389, aa, -31, -27, -282, angle, -80.44,rpm,450,-450, -9,46358,ping,75.59,odo,68667
2015-12-24 16:25:15.955465,TRACE_DYNAMICS,str, 1479, esc,1393, aa, -31, -27, -282, angle, -80.44,rpm,400,-400, -8,46350,ping,63.81,odo,68654
2015-12-24 16:25:15.973792,TRACE_DYNAMICS,str, 1480, esc,1393, aa, -31, -27, -282, angle, -80.44,rpm,450,-450, -9,46341,ping,63.81,odo,68641
2015-12-24 16:25:15.992016,TRACE_DYNAMICS,str, 1479, esc,1399, aa, -31, -27, -282, angle, -80.44,rpm,450,-450, -9,46332,ping,63.81,odo,68627
2015-12-24 16:25:16.010392,TRACE_DYNAMICS,str, 1479, esc,1492, aa, -31, -27, -282, angle, -80.44,rpm,450,-450, -9,46323,ping,63.81,odo,68614
2015-12-24 16:25:16.038912,TRACE_DYNAMICS,str, 1479, esc,1496, aa, -31, -27, -282, angle, -80.44,rpm,450,-450, -9,46314,ping,63.81,odo,68600
2015-12-24 16:25:16.057333,TRACE_DYNAMICS,str, 1479, esc,1496, aa, -31, -27, -282, angle, -80.44,rpm,400,-400, -8,46306,ping,128.20,odo,68587
2015-12-24 16:25:16.075748,TRACE_DYNAMICS,str, 1479, esc,1496, aa, -31, -27, -282, angle, -80.44,rpm,250,-250, -5,46301,ping,128.20,odo,68574
2015-12-24 16:25:16.094126,TRACE_DYNAMICS,str, 1479, esc,1496, aa, -31, -27, -282, angle, -80.44,rpm,350,-350, -7,46294,ping,128.20,odo,68561
2015-12-24 16:25:16.112734,TRACE_DYNAMICS,str, 1479, esc,1495, aa, -31, -27, -282, angle, -80.44,rpm,400,-400, -8,46286,ping,128.20,odo,68548
2015-12-24 16:25:16.131026,TRACE_DYNAMICS,str, 1479, esc,1496, aa, -31, -27, -282, angle, -80.44,rpm,350,-350, -7,46279,ping,128.20,odo,68536
2015-12-24 16:25:16.149362,TRACE_DYNAMICS,str, 1480, esc,1495, aa, -31, -27, -282, angle, -80.44,rpm,350,-350, -7,46272,ping,69.45,odo,68524
2015-12-24 16:25:16.177968,TRACE_DYNAMICS,str, 1479, esc,1496, aa, -31, -27, -282, angle, -80.44,rpm,450,-450, -9,46263,ping,69.45,odo,68513
2015-12-24 16:25:16.196416,TRACE_DYNAMICS,str, 1479, esc,1496, aa, -31, -27, -282, angle, -80.44,rpm,350,-350, -7,46256,ping,69.45,odo,68502
2015-12-24 16:25:16.214851,TRACE_DYNAMICS,str, 1480, esc,1495, aa, -31, -27, -282, angle, -80.44,rpm,350,-350, -7,46249,ping,69.45,odo,68492
2015-12-24 16:25:16.233205,TRACE_DYNAMICS,str, 1480, esc,1495, aa, -31, -27, -282, angle, -80.44,rpm,300,-300, -6,46243,ping,69.45,odo,68481
2015-12-24 16:25:16.251450,TRACE_DYNAMICS,str, 1479, esc,1496, aa, -31, -27, -282, angle, -80.44,rpm,350,-350, -7,46236,ping,69.45,odo,68471
2015-12-24 16:25:16.269805,TRACE_DYNAMICS,str, 1480, esc,1495, aa, -31, -27, -282, angle, -80.44,rpm,300,-300, -6,46230,ping,69.45,odo,68462
2015-12-24 16:25:16.298353,TRACE_DYNAMICS,str, 1479, esc,1496, aa, -31, -27, -282, angle, -80.44,rpm,450,-450, -9,46221,ping,69.45,odo,68452
2015-12-24 16:25:16.316774,TRACE_DYNAMICS,str, 1479, esc,1487, aa, -31, -27, -282, angle, -80.44,rpm,350,-350, -7,46214,ping,69.45,odo,68443
2015-12-24 16:25:16.335147,TRACE_DYNAMICS,str, 1480, esc,1485, aa, -31, -27, -282, angle, -80.44,rpm,300,-300, -6,46208,ping,69.45,odo,68434
2015-12-24 16:25:16.353510,TRACE_DYNAMICS,str, 1479, esc,1486, aa, -31, -27, -282, angle, -80.44,rpm,250,-250, -5,46203,ping,69.45,odo,68426
2015-12-24 16:25:16.371791,TRACE_DYNAMICS,str, 1479, esc,1487, aa, -31, -27, -282, angle, -80.44,rpm,250,-250, -5,46198,ping,69.45,odo,68417
2015-12-24 16:25:16.390149,TRACE_DYNAMICS,str, 1479, esc,1488, aa, -31, -27, -282, angle, -80.44,rpm,300,-300, -6,46192,ping,69.45,odo,68409
2015-12-24 16:25:16.418706,TRACE_DYNAMICS,str, 1479, esc,1492, aa, -31, -27, -282, angle, -80.44,rpm,450,-450, -9,46183,ping,69.45,odo,68402
2015-12-24 16:25:16.437083,TRACE_DYNAMICS,str, 1479, esc,1494, aa, -31, -27, -282, angle, -80.44,rpm,250,-250, -5,46178,ping,69.45,odo,68394
2015-12-24 16:25:16.455480,TRACE_DYNAMICS,str, 1479, esc,1494, aa, -31, -27, -282, angle, -80.44,rpm,300,-300, -6,46172,ping,41.99,odo,68387
2015-12-24 16:25:16.473863,TRACE_DYNAMICS,str, 1479, esc,1496, aa, -31, -27, -282, angle, -80.44,rpm,200,-200, -4,46168,ping,41.99,odo,68379
2015-12-24 16:25:16.492157,TRACE_DYNAMICS,str, 1479, esc,1495, aa, -31, -27, -282, angle, -80.44,rpm,350,-350, -7,46161,ping,41.99,odo,68372
2015-12-24 16:25:16.510708,TRACE_DYNAMICS,str, 1479, esc,1498, aa, -31, -27, -282, angle, -80.44,rpm,300,-300, -6,46155,ping,41.99,odo,68366
2015-12-24 16:25:16.529105,TRACE_DYNAMICS,str, 1480, esc,1498, aa, -31, -27, -282, angle, -80.44,rpm,200,-200, -4,46151,ping,41.99,odo,68359
2015-12-24 16:25:16.557712,TRACE_DYNAMICS,str, 1479, esc,1497, aa, -31, -27, -282, angle, -80.44,rpm,300,-300, -6,46145,ping,82.44,odo,68353
2015-12-24 16:25:16.576107,TRACE_DYNAMICS,str, 1479, esc,1498, aa, -31, -27, -282, angle, -80.44,rpm,150,-150, -3,46142,ping,82.44,odo,68347
2015-12-24 16:25:16.594560,TRACE_DYNAMICS,str, 1479, esc,1498, aa, -31, -27, -282, angle, -80.44,rpm,300,-300, -6,46136,ping,82.44,odo,68342
2015-12-24 16:25:16.612947,TRACE_DYNAMICS,str, 1480, esc,1497, aa, -31, -27, -282, angle, -80.44,rpm,300,-300, -6,46130,ping,82.44,odo,68337
2015-12-24 16:25:16.631185,TRACE_DYNAMICS,str, 1479, esc,1498, aa, -31, -27, -282, angle, -80.44,rpm,200,-200, -4,46126,ping,82.44,odo,68332
2015-12-24 16:25:16.649510,TRACE_DYNAMICS,str, 1479, esc,1498, aa, -31, -27, -282, angle, -80.44,rpm,400,-400, -8,46118,ping,82.44,odo,68326
2015-12-24 16:25:16.678022,TRACE_DYNAMICS,str, 1479, esc,1498, aa, -31, -27, -282, angle, -80.44,rpm,350,-350, -7,46111,ping,82.44,odo,68322
2015-12-24 16:25:16.696383,TRACE_DYNAMICS,str, 1480, esc,1498, aa, -31, -27, -282, angle, -80.44,rpm,300,-300, -6,46105,ping,82.44,odo,68317
2015-12-24 16:25:16.714927,TRACE_DYNAMICS,str, 1480, esc,1499, aa, -31, -27, -282, angle, -80.44,rpm,400,-400, -8,46097,ping,82.44,odo,68313
2015-12-24 16:25:16.733347,TRACE_DYNAMICS,str, 1479, esc,1497, aa, -31, -27, -282, angle, -80.44,rpm,500,-500, -10,46087,ping,82.44,odo,68309
2015-12-24 16:25:16.751603,TRACE_DYNAMICS,str, 1479, esc,1497, aa, -31, -27, -282, angle, -80.44,rpm,450,-450, -9,46078,ping,82.44,odo,68305
2015-12-24 16:25:16.770006,TRACE_DYNAMICS,str, 1480, esc,1498, aa, -31, -27, -282, angle, -80.44,rpm,400,-400, -8,46070,ping,82.44,odo,68301
2015-12-24 16:25:16.798574,TRACE_DYNAMICS,str, 1479, esc,1498, aa, -31, -27, -282, angle, -80.44,rpm,450,-450, -9,46061,ping,82.44,odo,68298
2015-12-24 16:25:16.816997,TRACE_DYNAMICS,str, 1479, esc,1498, aa, -31, -27, -282, angle, -80.44,rpm,400,-400, -8,46053,ping,82.44,odo,68294
2015-12-24 16:25:16.835415,TRACE_DYNAMICS,str, 1479, esc,1498, aa, -31, -27, -282, angle, -80.44,rpm,550,-550, -11,46042,ping,82.44,odo,68291
2015-12-24 16:25:16.853741,TRACE_DYNAMICS,str, 1479, esc,1498, aa, -31, -27, -282, angle, -80.44,rpm,350,-350, -7,46035,ping,51.84,odo,68287
2015-12-24 16:25:16.871991,TRACE_DYNAMICS,str, 1479, esc,1498, aa, -31, -27, -282, angle, -80.44,rpm,300,-300, -6,46029,ping,51.84,odo,68284
2015-12-24 16:25:16.890378,TRACE_DYNAMICS,str, 1479, esc,1498, aa, -31, -27, -282, angle, -80.44,rpm,450,-450, -9,46020,ping,51.84,odo,68281
2015-12-24 16:25:16.918980,TRACE_DYNAMICS,str, 1480, esc,1496, aa, -31, -27, -282, angle, -80.44,rpm,450,-450, -9,46011,ping,51.84,odo,68278
2015-12-24 16:25:16.937347,TRACE_DYNAMICS,str, 1479, esc,1492, aa, -31, -27, -282, angle, -80.44,rpm,250,-250, -5,46006,ping,51.84,odo,68276
2015-12-24 16:25:16.955775,TRACE_DYNAMICS,str, 1480, esc,1487, aa, -31, -27, -282, angle, -80.44,rpm,500,-500, -10,45996,ping,51.84,odo,68273
2015-12-24 16:25:16.974148,TRACE_DYNAMICS,str, 1479, esc,1488, aa, -31, -27, -282, angle, -80.44,rpm,450,-450, -9,45987,ping,51.84,odo,68271
2015-12-24 16:25:16.992498,TRACE_DYNAMICS,str, 1480, esc,1489, aa, -31, -27, -282, angle, -80.44,rpm,300,-300, -6,45981,ping,51.84,odo,68269
2015-12-24 16:25:17.010714,TRACE_DYNAMICS,str, 1479, esc,1488, aa, -31, -27, -282, angle, -80.44,rpm,350,-350, -7,45974,ping,51.84,odo,68267
2015-12-24 16:25:17.039190,TRACE_DYNAMICS,str, 1480, esc,1486, aa, -31, -27, -282, angle, -80.44,rpm,350,-350, -7,45967,ping,51.84,odo,68265
2015-12-24 16:25:17.057619,TRACE_DYNAMICS,str, 1479, esc,1476, aa, -31, -27, -282, angle, -80.44,rpm,300,-300, -6,45961,ping,126.99,odo,68263
2015-12-24 16:25:17.076100,TRACE_DYNAMICS,str, 1479, esc,1466, aa, -31, -27, -282, angle, -80.44,rpm,400,-400, -8,45953,ping,126.99,odo,68261
2015-12-24 16:25:17.094612,TRACE_DYNAMICS,str, 1480, esc,1466, aa, -31, -27, -282, angle, -80.44,rpm,500,-500, -10,45943,ping,126.99,odo,68260
2015-12-24 16:25:17.114579,TRACE_DYNAMICS,str, 1479, esc,1462, aa, -31, -27, -282, angle, -80.44,rpm,150,-150, -3,45940,ping,126.99,odo,68258
2015-12-24 16:25:17.133209,TRACE_DYNAMICS,str, 1479, esc,1448, aa, -31, -27, -282, angle, -80.44,rpm,500,-500, -10,45930,ping,126.99,odo,68257
2015-12-24 16:25:17.151562,TRACE_DYNAMICS,str, 1479, esc,1448, aa, -31, -27, -282, angle, -80.44,rpm,350,-350, -7,45923,ping,126.99,odo,68255
2015-12-24 16:25:17.171957,TRACE_DYNAMICS,str, 1480, esc,1448, aa, -31, -27, -282, angle, -80.44,rpm,550,-550, -11,45912,ping,126.99,odo,68254
2015-12-24 16:25:17.190503,TRACE_DYNAMICS,str, 1479, esc,1450, aa, -31, -27, -282, angle, -80.44,rpm,500,-500, -10,45902,ping,126.99,odo,68254
2015-12-24 16:25:17.208932,TRACE_DYNAMICS,str, 1479, esc,1448, aa, -31, -27, -282, angle, -80.44,rpm,450,-450, -9,45893,ping,126.99,odo,68253
2015-12-24 16:25:17.237571,TRACE_DYNAMICS,str, 1480, esc,1446, aa, -31, -27, -282, angle, -80.44,rpm,500,-500, -10,45883,ping,126.99,odo,68252
2015-12-24 16:25:17.256124,TRACE_DYNAMICS,str, 1479, esc,1446, aa, -31, -27, -282, angle, -80.44,rpm,500,-500, -10,45873,ping,126.99,odo,68251
2015-12-24 16:25:17.274753,TRACE_DYNAMICS,str, 1479, esc,1446, aa, -31, -27, -282, angle, -80.44,rpm,500,-500, -10,45863,ping,126.99,odo,68251
2015-12-24 16:25:17.293198,TRACE_DYNAMICS,str, 1479, esc,1448, aa, -31, -27, -282, angle, -80.44,rpm,350,-350, -7,45856,ping,126.99,odo,68251
2015-12-24 16:25:17.311673,TRACE_DYNAMICS,str, 1479, esc,1448, aa, -31, -27, -282, angle, -80.44,rpm,400,-400, -8,45848,ping,126.99,odo,68251
2015-12-24 16:25:17.330115,TRACE_DYNAMICS,str, 1479, esc,1447, aa, -31, -27, -282, angle, -80.44,rpm,100,-100, -2,45846,ping,126.99,odo,68251
2015-12-24 16:25:17.348145,TRACE_DYNAMICS,str, 1479, esc,1447, aa, -31, -27, -282, angle, -80.44,rpm,0,0, 0,45846,ping,126.99,odo,68251
2015-12-24 16:25:17.376364,TRACE_DYNAMICS,str, 1480, esc,1446, aa, -31, -27, -282, angle, -80.44,rpm,0,0, 0,45846,ping,126.99,odo,68251
2015-12-24 16:25:17.394411,TRACE_DYNAMICS,str, 1479, esc,1446, aa, -31, -27, -282, angle, -80.44,rpm,0,0, 0,45846,ping,126.99,odo,68251
2015-12-24 16:25:17.412303,TRACE_DYNAMICS,str, 1479, esc,1442, aa, -31, -27, -282, angle, -80.44,rpm,0,0, 0,45846,ping,126.99,odo,68252
2015-12-24 16:25:17.430355,TRACE_DYNAMICS,str, 1479, esc,1419, aa, -31, -27, -282, angle, -80.44,rpm,0,0, 0,45846,ping,126.99,odo,68252
2015-12-24 16:25:17.448780,TRACE_DYNAMICS,str, 1479, esc,1350, aa, -31, -27, -282, angle, -80.44,rpm,100,-100, -2,45844,ping,126.99,odo,68253
2015-12-24 16:25:17.478751,TRACE_DYNAMICS,str, 1480, esc,1338, aa, -31, -27, -282, angle, -80.44,rpm,0,0, 0,45844,ping,126.99,odo,68253
2015-12-24 16:25:17.496952,TRACE_DYNAMICS,str, 1480, esc,1335, aa, -31, -27, -282, angle, -80.44,rpm,0,0, 0,45844,ping,126.99,odo,68254
2015-12-24 16:25:17.515291,TRACE_DYNAMICS,str, 1480, esc,1336, aa, -31, -27, -282, angle, -80.44,rpm,0,0, 0,45844,ping,126.99,odo,68253
2015-12-24 16:25:17.533398,TRACE_DYNAMICS,str, 1479, esc,1338, aa, -31, -27, -282, angle, -80.44,rpm,0,0, 0,45844,ping,126.99,odo,68253
2015-12-24 16:25:17.551345,TRACE_DYNAMICS,str, 1480, esc,1341, aa, -31, -27, -282, angle, -80.44,rpm,0,0, 0,45844,ping,126.99,odo,68251
2015-12-24 16:25:17.569398,TRACE_DYNAMICS,str, 1479, esc,1364, aa, -31, -27, -282, angle, -80.44,rpm,0,0, 0,45844,ping,126.99,odo,68250
2015-12-24 16:25:17.597572,TRACE_DYNAMICS,str, 1479, esc,1491, aa, -31, -27, -282, angle, -80.44,rpm,0,0, 0,45844,ping,126.99,odo,68247
