2015-12-21 00:14:40.839422,TRACE_DYNAMICS,str, 1477, esc,1498, aa, -15, -155, 26, angle, 37.68,rpm,61,0, 0,0,ping,74.01,odo,250
2015-12-21 00:14:40.856965,TRACE_DYNAMICS,str, 1475, esc,1498, aa, -18, -155, 35, angle, 37.68,rpm,400,0, 0,0,ping,74.01,odo,250
2015-12-21 00:14:40.874613,TRACE_DYNAMICS,str, 1474, esc,1497, aa, -17, -162, 23, angle, 37.68,rpm,526,0, 0,0,ping,74.01,odo,250
2015-12-21 00:14:40.902170,TRACE_DYNAMICS,str, 1475, esc,1497, aa, -17, -163, 20, angle, 37.68,rpm,400,0, 0,0,ping,74.01,odo,250
2015-12-21 00:14:40.919496,TRACE_DYNAMICS,str, 1475, esc,1497, aa, -19, -153, 19, angle, 37.68,rpm,350,0, 0,0,ping,74.01,odo,250
2015-12-21 00:14:40.936634,TRACE_DYNAMICS,str, 1475, esc,1496, aa, -16, -158, 18, angle, 37.68,rpm,500,0, 0,0,ping,74.01,odo,250
2015-12-21 00:14:40.953983,TRACE_DYNAMICS,str, 1474, esc,1498, aa, -21, -159, 20, angle, 37.68,rpm,500,0, 0,0,ping,74.01,odo,250
2015-12-21 00:14:40.981422,TRACE_DYNAMICS,str, 1475, esc,1497, aa, -18, -157, 17, angle, 37.69,rpm,500,0, 0,0,ping,74.01,odo,250
2015-12-21 00:14:40.998758,TRACE_DYNAMICS,str, 1475, esc,1497, aa, -20, -159, 17, angle, 37.69,rpm,400,0, 0,0,ping,50.16,odo,250
2015-12-21 00:14:41.016118,TRACE_DYNAMICS,str, 1474, esc,1497, aa, -20, -161, 30, angle, 37.69,rpm,450,0, 0,0,ping,50.16,odo,250
2015-12-21 00:14:41.043548,TRACE_DYNAMICS,str, 1475, esc,1497, aa, -20, -166, 32, angle, 37.69,rpm,400,0, 0,0,ping,50.16,odo,250
2015-12-21 00:14:41.060794,TRACE_DYNAMICS,str, 1475, esc,1497, aa, -14, -161, 30, angle, 37.69,rpm,450,0, 0,0,ping,50.16,odo,250
2015-12-21 00:14:41.078142,TRACE_DYNAMICS,str, 1474, esc,1497, aa, -11, -161, 31, angle, 37.69,rpm,450,0, 0,0,ping,50.16,odo,250
2015-12-21 00:14:41.095463,TRACE_DYNAMICS,str, 1474, esc,1497, aa, -17, -153, 39, angle, 37.69,rpm,350,0, 0,0,ping,74.00,odo,250
2015-12-21 00:14:41.122822,TRACE_DYNAMICS,str, 1475, esc,1497, aa, -20, -159, 38, angle, 37.69,rpm,500,0, 0,0,ping,74.00,odo,250
2015-12-21 00:14:41.139947,TRACE_DYNAMICS,str, 1476, esc,1497, aa, -24, -159, 39, angle, 37.68,rpm,400,0, 0,0,ping,74.00,odo,250
2015-12-21 00:14:41.157206,TRACE_DYNAMICS,str, 1474, esc,1497, aa, -15, -162, 32, angle, 37.68,rpm,500,0, 0,0,ping,74.00,odo,250
2015-12-21 00:14:41.174699,TRACE_DYNAMICS,str, 1474, esc,1497, aa, -16, -161, 31, angle, 37.68,rpm,350,0, 0,0,ping,74.00,odo,250
2015-12-21 00:14:41.202345,TRACE_DYNAMICS,str, 1475, esc,1497, aa, -16, -163, 32, angle, 37.68,rpm,450,0, 0,0,ping,74.00,odo,250
2015-12-21 00:14:41.219655,TRACE_DYNAMICS,str, 1475, esc,1497, aa, -20, -161, 27, angle, 37.68,rpm,450,0, 0,0,ping,74.00,odo,250
2015-12-21 00:14:41.236715,TRACE_DYNAMICS,str, 1475, esc,1497, aa, -20, -160, 33, angle, 37.68,rpm,400,0, 0,0,ping,74.00,odo,250
2015-12-21 00:14:41.254062,TRACE_DYNAMICS,str, 1474, esc,1497, aa, -26, -156, 31, angle, 37.68,rpm,450,0, 0,0,ping,74.00,odo,250
2015-12-21 00:14:41.281488,TRACE_DYNAMICS,str, 1475, esc,1497, aa, -20, -156, 29, angle, 37.68,rpm,500,0, 0,0,ping,74.00,odo,250
2015-12-21 00:14:41.298789,TRACE_DYNAMICS,str, 1474, esc,1497, aa, -22, -164, 16, angle, 37.68,rpm,500,0, 0,0,ping,74.00,odo,250
2015-12-21 00:14:41.316140,TRACE_DYNAMICS,str, 1475, esc,1497, aa, -26, -160, 36, angle, 37.68,rpm,400,0, 0,0,ping,74.00,odo,250
2015-12-21 00:14:41.333193,TRACE_DYNAMICS,str, 1476, esc,1497, aa, -21, -159, 32, angle, 37.68,rpm,400,0, 0,0,ping,74.00,odo,250
2015-12-21 00:14:41.360695,TRACE_DYNAMICS,str, 1474, esc,1497, aa, -25, -156, 38, angle, 37.68,rpm,450,0, 0,0,ping,74.00,odo,250
2015-12-21 00:14:41.378148,TRACE_DYNAMICS,str, 1474, esc,1497, aa, -24, -158, 28, angle, 37.68,rpm,400,0, 0,0,ping,74.00,odo,250
2015-12-21 00:14:41.395657,TRACE_DYNAMICS,str, 1475, esc,1497, aa, -16, -159, 32, angle, 37.68,rpm,500,0, 0,0,ping,74.00,odo,250
2015-12-21 00:14:41.412840,TRACE_DYNAMICS,str, 1474, esc,1497, aa, -16, -158, 25, angle, 37.68,rpm,400,0, 0,0,ping,74.00,odo,250
2015-12-21 00:14:41.440211,TRACE_DYNAMICS,str, 1475, esc,1497, aa, -24, -159, 25, angle, 37.68,rpm,450,0, 0,0,ping,74.00,odo,250
2015-12-21 00:14:41.457510,TRACE_DYNAMICS,str, 1475, esc,1498, aa, -27, -161, 29, angle, 37.68,rpm,400,0, 0,0,ping,74.00,odo,250
2015-12-21 00:14:41.474828,TRACE_DYNAMICS,str, 1475, esc,1497, aa, -28, -155, 23, angle, 37.68,rpm,400,0, 0,0,ping,74.00,odo,250
2015-12-21 00:14:41.502299,TRACE_DYNAMICS,str, 1475, esc,1498, aa, -22, -153, 25, angle, 37.68,rpm,500,0, 0,0,ping,74.00,odo,250
2015-12-21 00:14:41.519544,TRACE_DYNAMICS,str, 1475, esc,1497, aa, -21, -154, 30, angle, 37.67,rpm,400,0, 0,0,ping,74.00,odo,250
2015-12-21 00:14:41.536649,TRACE_DYNAMICS,str, 1475, esc,1497, aa, -19, -152, 28, angle, 37.68,rpm,450,0, 0,0,ping,74.00,odo,250
2015-12-21 00:14:41.554110,TRACE_DYNAMICS,str, 1474, esc,1497, aa, -23, -154, 29, angle, 37.68,rpm,400,0, 0,0,ping,74.00,odo,250
2015-12-21 00:14:41.581548,TRACE_DYNAMICS,str, 1475, esc,1498, aa, -20, -154, 30, angle, 37.68,rpm,500,0, 0,0,ping,74.00,odo,250
2015-12-21 00:14:41.598836,TRACE_DYNAMICS,str, 1475, esc,1497, aa, -20, -156, 21, angle, 37.68,rpm,500,0, 0,0,ping,74.01,odo,250
2015-12-21 00:14:41.616150,TRACE_DYNAMICS,str, 1474, esc,1497, aa, -24, -153, 22, angle, 37.68,rpm,450,0, 0,0,ping,74.01,odo,250
2015-12-21 00:14:41.633113,TRACE_DYNAMICS,str, 1474, esc,1498, aa, -27, -154, 19, angle, 37.68,rpm,500,0, 0,0,ping,74.01,odo,250
2015-12-21 00:14:41.660663,TRACE_DYNAMICS,str, 1475, esc,1497, aa, -25, -157, 26, angle, 37.68,rpm,500,0, 0,0,ping,74.01,odo,250
2015-12-21 00:14:41.678004,TRACE_DYNAMICS,str, 1475, esc,1497, aa, -28, -160, 32, angle, 37.68,rpm,500,0, 0,0,ping,74.01,odo,250
2015-12-21 00:14:41.695239,TRACE_DYNAMICS,str, 1475, esc,1497, aa, -24, -158, 30, angle, 37.68,rpm,400,0, 0,0,ping,74.01,odo,250
2015-12-21 00:14:41.712570,TRACE_DYNAMICS,str, 1474, esc,1497, aa, -21, -154, 30, angle, 37.68,rpm,473,0, 0,0,ping,74.01,odo,250
2015-12-21 00:14:41.739768,TRACE_DYNAMICS,str, 1474, esc,1497, aa, -21, -156, 23, angle, 37.68,rpm,400,0, 0,0,ping,74.01,odo,250
2015-12-21 00:14:41.757005,TRACE_DYNAMICS,str, 1474, esc,1497, aa, -19, -157, 30, angle, 37.68,rpm,450,0, 0,0,ping,74.01,odo,250
2015-12-21 00:14:41.774919,TRACE_DYNAMICS,str, 1474, esc,1497, aa, -22, -160, 28, angle, 37.68,rpm,450,0, 0,0,ping,74.01,odo,250
2015-12-21 00:14:41.792475,TRACE_DYNAMICS,str, 1474, esc,1499, aa, -19, -158, 26, angle, 37.68,rpm,350,0, 0,0,ping,74.00,odo,250
2015-12-21 00:14:41.820345,TRACE_DYNAMICS,str, 1475, esc,1498, aa, -23, -157, 31, angle, 37.68,rpm,500,0, 0,0,ping,74.00,odo,250
2015-12-21 00:14:41.837535,TRACE_DYNAMICS,str, 1474, esc,1497, aa, -26, -156, 28, angle, 37.68,rpm,400,0, 0,0,ping,74.00,odo,250
2015-12-21 00:14:41.854839,TRACE_DYNAMICS,str, 1475, esc,1497, aa, -26, -155, 23, angle, 37.68,rpm,500,0, 0,0,ping,74.00,odo,250
2015-12-21 00:14:41.872356,TRACE_DYNAMICS,str, 1475, esc,1497, aa, -18, -153, 26, angle, 37.68,rpm,400,0, 0,0,ping,74.00,odo,250
2015-12-21 00:14:41.899969,TRACE_DYNAMICS,str, 1474, esc,1497, aa, -18, -156, 33, angle, 37.68,rpm,500,0, 0,0,ping,74.01,odo,250
2015-12-21 00:14:41.917421,TRACE_DYNAMICS,str, 1475, esc,1497, aa, -17, -157, 32, angle, 37.68,rpm,450,0, 0,0,ping,74.01,odo,250
2015-12-21 00:14:41.934552,TRACE_DYNAMICS,str, 1475, esc,1497, aa, -22, -160, 25, angle, 37.68,rpm,500,0, 0,0,ping,74.01,odo,250
2015-12-21 00:14:41.961957,TRACE_DYNAMICS,str, 1476, esc,1497, aa, -20, -157, 39, angle, 37.68,rpm,500,0, 0,0,ping,74.01,odo,250
2015-12-21 00:14:41.979393,TRACE_DYNAMICS,str, 1474, esc,1497, aa, -18, -160, 34, angle, 37.68,rpm,450,0, 0,0,ping,74.01,odo,250
2015-12-21 00:14:41.996704,TRACE_DYNAMICS,str, 1474, esc,1497, aa, -20, -161, 23, angle, 37.68,rpm,500,0, 0,0,ping,74.00,odo,250
2015-12-21 00:14:42.014051,TRACE_DYNAMICS,str, 1474, esc,1497, aa, -19, -160, 16, angle, 37.68,rpm,400,0, 0,0,ping,74.00,odo,250
2015-12-21 00:14:42.041242,TRACE_DYNAMICS,str, 1475, esc,1497, aa, -22, -159, 21, angle, 37.68,rpm,400,0, 0,0,ping,74.00,odo,250
2015-12-21 00:14:42.058490,TRACE_DYNAMICS,str, 1474, esc,1497, aa, -21, -157, 23, angle, 37.68,rpm,450,0, 0,0,ping,74.00,odo,250
2015-12-21 00:14:42.075845,TRACE_DYNAMICS,str, 1477, esc,1498, aa, -17, -158, 33, angle, 37.68,rpm,400,0, 0,0,ping,74.00,odo,250
2015-12-21 00:14:42.093108,TRACE_DYNAMICS,str, 1474, esc,1497, aa, -14, -157, 26, angle, 37.68,rpm,500,0, 0,0,ping,49.84,odo,250
2015-12-21 00:14:42.120576,TRACE_DYNAMICS,str, 1474, esc,1497, aa, -15, -159, 20, angle, 37.68,rpm,400,0, 0,0,ping,49.84,odo,250
2015-12-21 00:14:42.137727,TRACE_DYNAMICS,str, 1475, esc,1497, aa, -24, -160, 27, angle, 37.68,rpm,500,0, 0,0,ping,49.84,odo,250
2015-12-21 00:14:42.154998,TRACE_DYNAMICS,str, 1474, esc,1497, aa, -16, -157, 27, angle, 37.68,rpm,350,0, 0,0,ping,49.84,odo,250
2015-12-21 00:14:42.173580,TRACE_DYNAMICS,str, 1475, esc,1497, aa, -24, -155, 30, angle, 37.68,rpm,400,0, 0,0,ping,49.84,odo,250
2015-12-21 00:14:42.201086,TRACE_DYNAMICS,str, 1475, esc,1497, aa, -20, -163, 32, angle, 37.68,rpm,500,0, 0,0,ping,74.01,odo,250
2015-12-21 00:14:42.218348,TRACE_DYNAMICS,str, 1474, esc,1497, aa, -23, -162, 21, angle, 37.68,rpm,400,0, 0,0,ping,74.01,odo,250
2015-12-21 00:14:42.235457,TRACE_DYNAMICS,str, 1474, esc,1497, aa, -18, -164, 24, angle, 37.69,rpm,450,0, 0,0,ping,74.01,odo,250
2015-12-21 00:14:42.252697,TRACE_DYNAMICS,str, 1476, esc,1497, aa, -23, -164, 30, angle, 37.69,rpm,400,0, 0,0,ping,74.01,odo,250
2015-12-21 00:14:42.280095,TRACE_DYNAMICS,str, 1475, esc,1497, aa, -19, -155, 28, angle, 37.68,rpm,500,0, 0,0,ping,74.01,odo,250
2015-12-21 00:14:42.297491,TRACE_DYNAMICS,str, 1474, esc,1497, aa, -13, -156, 30, angle, 37.68,rpm,500,0, 0,0,ping,74.02,odo,250
2015-12-21 00:14:42.314731,TRACE_DYNAMICS,str, 1476, esc,1497, aa, -14, -156, 26, angle, 37.68,rpm,450,0, 0,0,ping,74.02,odo,250
2015-12-21 00:14:42.331894,TRACE_DYNAMICS,str, 1474, esc,1497, aa, -13, -154, 27, angle, 37.68,rpm,400,0, 0,0,ping,74.02,odo,250
2015-12-21 00:14:42.359392,TRACE_DYNAMICS,str, 1474, esc,1497, aa, -14, -161, 31, angle, 37.68,rpm,400,0, 0,0,ping,74.02,odo,250
2015-12-21 00:14:42.376889,TRACE_DYNAMICS,str, 1475, esc,1495, aa, -14, -162, 44, angle, 37.68,rpm,500,0, 0,0,ping,74.02,odo,250
2015-12-21 00:14:42.394211,TRACE_DYNAMICS,str, 1474, esc,1497, aa, -14, -158, 36, angle, 37.68,rpm,400,0, 0,0,ping,74.01,odo,250
2015-12-21 00:14:42.411520,TRACE_DYNAMICS,str, 1475, esc,1497, aa, -25, -156, 28, angle, 37.68,rpm,450,0, 0,0,ping,74.01,odo,250
2015-12-21 00:14:42.438741,TRACE_DYNAMICS,str, 1475, esc,1498, aa, -20, -159, 24, angle, 37.68,rpm,400,0, 0,0,ping,74.01,odo,250
2015-12-21 00:14:42.456042,TRACE_DYNAMICS,str, 1475, esc,1499, aa, -18, -159, 20, angle, 37.68,rpm,450,0, 0,0,ping,74.01,odo,250
2015-12-21 00:14:42.473366,TRACE_DYNAMICS,str, 1474, esc,1499, aa, -19, -152, 24, angle, 37.68,rpm,450,0, 0,0,ping,74.01,odo,250
2015-12-21 00:14:42.500890,TRACE_DYNAMICS,str, 1477, esc,1499, aa, -29, -154, 23, angle, 37.68,rpm,350,0, 0,0,ping,73.99,odo,250
2015-12-21 00:14:42.518154,TRACE_DYNAMICS,str, 1476, esc,1499, aa, -25, -151, 24, angle, 37.69,rpm,500,0, 0,0,ping,73.99,odo,250
2015-12-21 00:14:42.535285,TRACE_DYNAMICS,str, 1477, esc,1497, aa, -18, -151, 28, angle, 37.68,rpm,400,0, 0,0,ping,73.99,odo,250
2015-12-21 00:14:42.552457,TRACE_DYNAMICS,str, 1477, esc,1497, aa, -17, -155, 30, angle, 37.68,rpm,526,0, 0,0,ping,73.99,odo,250
2015-12-21 00:14:42.580053,TRACE_DYNAMICS,str, 1478, esc,1497, aa, -20, -154, 38, angle, 37.68,rpm,380,0, 0,0,ping,73.99,odo,250
2015-12-21 00:14:42.597414,TRACE_DYNAMICS,str, 1476, esc,1497, aa, -28, -151, 39, angle, 37.68,rpm,473,0, 0,0,ping,73.84,odo,250
2015-12-21 00:14:42.616510,TRACE_DYNAMICS,str, 1475, esc,1497, aa, -25, -161, 26, angle, 37.68,rpm,500,0, 0,0,ping,73.84,odo,250
2015-12-21 00:14:42.633811,TRACE_DYNAMICS,str, 1474, esc,1496, aa, -20, -163, 29, angle, 37.68,rpm,350,0, 0,0,ping,73.84,odo,250
2015-12-21 00:14:42.661189,TRACE_DYNAMICS,str, 1475, esc,1497, aa, -20, -161, 30, angle, 37.68,rpm,550,0, 0,0,ping,73.84,odo,250
2015-12-21 00:14:42.678648,TRACE_DYNAMICS,str, 1474, esc,1497, aa, -20, -155, 25, angle, 37.68,rpm,450,0, 0,0,ping,73.84,odo,250
2015-12-21 00:14:42.695956,TRACE_DYNAMICS,str, 1475, esc,1498, aa, -17, -156, 22, angle, 37.68,rpm,500,0, 0,0,ping,74.01,odo,250
2015-12-21 00:14:42.713170,TRACE_DYNAMICS,str, 1475, esc,1498, aa, -16, -157, 24, angle, 37.68,rpm,400,0, 0,0,ping,74.01,odo,250
2015-12-21 00:14:42.740414,TRACE_DYNAMICS,str, 1475, esc,1497, aa, -17, -155, 19, angle, 37.68,rpm,400,0, 0,0,ping,74.01,odo,250
2015-12-21 00:14:42.757738,TRACE_DYNAMICS,str, 1474, esc,1497, aa, -16, -150, 13, angle, 37.68,rpm,500,0, 0,0,ping,74.01,odo,250
2015-12-21 00:14:42.775075,TRACE_DYNAMICS,str, 1474, esc,1497, aa, -18, -155, 17, angle, 37.69,rpm,350,0, 0,0,ping,74.01,odo,250
2015-12-21 00:14:42.792366,TRACE_DYNAMICS,str, 1475, esc,1497, aa, -16, -158, 23, angle, 37.69,rpm,500,0, 0,0,ping,74.00,odo,250
2015-12-21 00:14:42.819848,TRACE_DYNAMICS,str, 1474, esc,1497, aa, -25, -155, 35, angle, 37.68,rpm,400,0, 0,0,ping,74.00,odo,250
2015-12-21 00:14:42.836939,TRACE_DYNAMICS,str, 1475, esc,1497, aa, -26, -158, 37, angle, 37.68,rpm,500,0, 0,0,ping,74.00,odo,250
2015-12-21 00:14:42.854268,TRACE_DYNAMICS,str, 1475, esc,1497, aa, -32, -162, 32, angle, 37.68,rpm,350,0, 0,0,ping,74.00,odo,250
2015-12-21 00:14:42.871679,TRACE_DYNAMICS,str, 1475, esc,1497, aa, -24, -160, 31, angle, 37.68,rpm,400,0, 0,0,ping,74.00,odo,250
2015-12-21 00:14:42.899177,TRACE_DYNAMICS,str, 1475, esc,1497, aa, -22, -171, 35, angle, 37.68,rpm,500,0, 0,0,ping,73.86,odo,250
2015-12-21 00:14:42.916560,TRACE_DYNAMICS,str, 1475, esc,1497, aa, -21, -165, 33, angle, 37.68,rpm,500,0, 0,0,ping,73.86,odo,250
2015-12-21 00:14:42.933779,TRACE_DYNAMICS,str, 1475, esc,1497, aa, -27, -165, 39, angle, 37.68,rpm,450,0, 0,0,ping,73.86,odo,250
2015-12-21 00:14:42.950951,TRACE_DYNAMICS,str, 1474, esc,1497, aa, -25, -165, 36, angle, 37.68,rpm,500,0, 0,0,ping,73.86,odo,250
2015-12-21 00:14:42.978429,TRACE_DYNAMICS,str, 1475, esc,1497, aa, -24, -163, 37, angle, 37.68,rpm,500,0, 0,0,ping,73.86,odo,250
2015-12-21 00:14:42.995721,TRACE_DYNAMICS,str, 1474, esc,1498, aa, -19, -159, 31, angle, 37.68,rpm,500,0, 0,0,ping,74.00,odo,250
2015-12-21 00:14:43.012910,TRACE_DYNAMICS,str, 1475, esc,1496, aa, -21, -162, 30, angle, 37.68,rpm,450,0, 0,0,ping,74.00,odo,250
2015-12-21 00:14:43.040155,TRACE_DYNAMICS,str, 1474, esc,1497, aa, -25, -167, 29, angle, 37.68,rpm,400,0, 0,0,ping,74.00,odo,250
2015-12-21 00:14:43.057408,TRACE_DYNAMICS,str, 1474, esc,1499, aa, -25, -161, 34, angle, 37.68,rpm,400,0, 0,0,ping,74.00,odo,250
2015-12-21 00:14:43.074750,TRACE_DYNAMICS,str, 1474, esc,1499, aa, -19, -160, 23, angle, 37.68,rpm,500,0, 0,0,ping,74.00,odo,250
2015-12-21 00:14:43.092229,TRACE_DYNAMICS,str, 1474, esc,1499, aa, -23, -158, 20, angle, 37.68,rpm,400,0, 0,0,ping,74.00,odo,250
2015-12-21 00:14:43.121118,TRACE_DYNAMICS,str, 1475, esc,1499, aa, -23, -155, 23, angle, 37.68,rpm,450,0, 0,0,ping,74.00,odo,250
2015-12-21 00:14:43.139579,TRACE_DYNAMICS,str, 1474, esc,1498, aa, -18, -156, 19, angle, 37.68,rpm,400,0, 0,0,ping,74.00,odo,250
2015-12-21 00:14:43.158236,TRACE_DYNAMICS,str, 1474, esc,1499, aa, -19, -157, 19, angle, 37.68,rpm,450,0, 0,0,ping,74.00,odo,250
2015-12-21 00:14:43.178222,TRACE_DYNAMICS,str, 1474, esc,1501, aa, -22, -155, 30, angle, 37.68,rpm,450,0, 0,0,ping,74.00,odo,250
2015-12-21 00:14:43.196877,TRACE_DYNAMICS,str, 1475, esc,1499, aa, -27, -155, 27, angle, 37.68,rpm,350,0, 0,0,ping,73.99,odo,250
2015-12-21 00:14:43.215608,TRACE_DYNAMICS,str, 1477, esc,1498, aa, -24, -155, 18, angle, 37.68,rpm,500,0, 0,0,ping,73.99,odo,250
2015-12-21 00:14:43.232708,TRACE_DYNAMICS,str, 1477, esc,1501, aa, -26, -155, 24, angle, 37.68,rpm,500,0, 0,0,ping,73.99,odo,250
2015-12-21 00:14:43.260136,TRACE_DYNAMICS,str, 1475, esc,1501, aa, -29, -151, 22, angle, 37.68,rpm,500,0, 0,0,ping,73.99,odo,250
2015-12-21 00:14:43.277466,TRACE_DYNAMICS,str, 1475, esc,1501, aa, -27, -155, 27, angle, 37.68,rpm,500,0, 0,0,ping,73.99,odo,250
2015-12-21 00:14:43.294897,TRACE_DYNAMICS,str, 1474, esc,1503, aa, -20, -153, 27, angle, 37.68,rpm,500,0, 0,0,ping,73.99,odo,250
2015-12-21 00:14:43.312107,TRACE_DYNAMICS,str, 1474, esc,1501, aa, -19, -153, 37, angle, 37.68,rpm,450,0, 0,0,ping,73.99,odo,250
2015-12-21 00:14:43.339462,TRACE_DYNAMICS,str, 1475, esc,1501, aa, -22, -158, 35, angle, 37.68,rpm,350,0, 0,0,ping,73.99,odo,250
2015-12-21 00:14:43.356818,TRACE_DYNAMICS,str, 1474, esc,1503, aa, -27, -156, 36, angle, 37.68,rpm,550,0, 0,0,ping,73.99,odo,250
2015-12-21 00:14:43.374160,TRACE_DYNAMICS,str, 1474, esc,1501, aa, -24, -159, 31, angle, 37.68,rpm,350,0, 0,0,ping,73.99,odo,250
2015-12-21 00:14:43.391458,TRACE_DYNAMICS,str, 1474, esc,1500, aa, -22, -159, 31, angle, 37.68,rpm,500,0, 0,0,ping,73.99,odo,250
2015-12-21 00:14:43.418950,TRACE_DYNAMICS,str, 1474, esc,1501, aa, -27, -158, 36, angle, 37.68,rpm,400,0, 0,0,ping,73.99,odo,250
2015-12-21 00:14:43.436041,TRACE_DYNAMICS,str, 1475, esc,1501, aa, -25, -160, 30, angle, 37.68,rpm,400,0, 0,0,ping,73.99,odo,250
2015-12-21 00:14:43.453315,TRACE_DYNAMICS,str, 1474, esc,1509, aa, -26, -156, 29, angle, 37.68,rpm,500,0, 0,0,ping,73.99,odo,250
2015-12-21 00:14:43.480826,TRACE_DYNAMICS,str, 1474, esc,1511, aa, -18, -160, 30, angle, 37.68,rpm,350,0, 0,0,ping,73.99,odo,250
2015-12-21 00:14:43.498207,TRACE_DYNAMICS,str, 1474, esc,1511, aa, -24, -160, 37, angle, 37.68,rpm,500,0, 0,0,ping,74.00,odo,250
2015-12-21 00:14:43.515507,TRACE_DYNAMICS,str, 1474, esc,1511, aa, -25, -155, 29, angle, 37.68,rpm,400,0, 0,0,ping,74.00,odo,250
2015-12-21 00:14:43.532718,TRACE_DYNAMICS,str, 1474, esc,1511, aa, -27, -155, 25, angle, 37.68,rpm,500,0, 0,0,ping,74.00,odo,250
2015-12-21 00:14:43.560099,TRACE_DYNAMICS,str, 1474, esc,1511, aa, -22, -161, 26, angle, 37.68,rpm,350,0, 0,0,ping,74.00,odo,250
2015-12-21 00:14:43.577415,TRACE_DYNAMICS,str, 1474, esc,1511, aa, -25, -157, 20, angle, 37.68,rpm,400,0, 0,0,ping,74.00,odo,250
2015-12-21 00:14:43.594712,TRACE_DYNAMICS,str, 1474, esc,1511, aa, -24, -153, 15, angle, 37.68,rpm,500,0, 0,0,ping,73.99,odo,250
2015-12-21 00:14:43.611914,TRACE_DYNAMICS,str, 1474, esc,1510, aa, -20, -158, 17, angle, 37.68,rpm,500,0, 0,0,ping,73.99,odo,250
2015-12-21 00:14:43.639141,TRACE_DYNAMICS,str, 1475, esc,1510, aa, -20, -151, 25, angle, 37.68,rpm,500,0, 0,0,ping,73.99,odo,250
2015-12-21 00:14:43.656419,TRACE_DYNAMICS,str, 1474, esc,1510, aa, -21, -157, 21, angle, 37.68,rpm,350,0, 0,0,ping,73.99,odo,250
2015-12-21 00:14:43.673706,TRACE_DYNAMICS,str, 1474, esc,1511, aa, -24, -160, 17, angle, 37.68,rpm,500,0, 0,0,ping,73.99,odo,250
2015-12-21 00:14:43.701152,TRACE_DYNAMICS,str, 1475, esc,1511, aa, -27, -159, 33, angle, 37.68,rpm,400,0, 0,0,ping,73.99,odo,250
2015-12-21 00:14:43.718367,TRACE_DYNAMICS,str, 1475, esc,1511, aa, -22, -160, 33, angle, 37.68,rpm,450,0, 0,0,ping,73.99,odo,250
2015-12-21 00:14:43.735751,TRACE_DYNAMICS,str, 1474, esc,1535, aa, -25, -164, 28, angle, 37.68,rpm,450,0, 0,0,ping,73.99,odo,250
2015-12-21 00:14:43.752979,TRACE_DYNAMICS,str, 1474, esc,1535, aa, -24, -159, 26, angle, 37.68,rpm,350,0, 0,0,ping,73.99,odo,250
2015-12-21 00:14:43.780442,TRACE_DYNAMICS,str, 1474, esc,1536, aa, -19, -158, 22, angle, 37.68,rpm,500,0, 0,0,ping,73.99,odo,250
2015-12-21 00:14:43.797822,TRACE_DYNAMICS,str, 1474, esc,1537, aa, -19, -154, 19, angle, 37.68,rpm,400,0, 0,0,ping,73.99,odo,250
2015-12-21 00:14:43.815101,TRACE_DYNAMICS,str, 1472, esc,1537, aa, -21, -150, 14, angle, 37.68,rpm,500,0, 0,0,ping,73.99,odo,250
2015-12-21 00:14:43.832079,TRACE_DYNAMICS,str, 1472, esc,1537, aa, -20, -148, 23, angle, 37.68,rpm,400,0, 0,0,ping,73.99,odo,250
2015-12-21 00:14:43.859552,TRACE_DYNAMICS,str, 1473, esc,1537, aa, -24, -156, 25, angle, 37.68,rpm,400,0, 0,0,ping,73.99,odo,250
2015-12-21 00:14:43.877074,TRACE_DYNAMICS,str, 1473, esc,1538, aa, -29, -164, 32, angle, 37.68,rpm,450,0, 0,0,ping,73.99,odo,250
2015-12-21 00:14:43.894381,TRACE_DYNAMICS,str, 1472, esc,1537, aa, -29, -163, 27, angle, 37.68,rpm,400,0, 0,0,ping,73.83,odo,250
2015-12-21 00:14:43.911640,TRACE_DYNAMICS,str, 1472, esc,1537, aa, -26, -161, 20, angle, 37.69,rpm,500,0, 0,0,ping,73.83,odo,250
2015-12-21 00:14:43.938869,TRACE_DYNAMICS,str, 1473, esc,1537, aa, -26, -164, 32, angle, 37.69,rpm,450,0, 0,0,ping,73.83,odo,250
2015-12-21 00:14:43.956128,TRACE_DYNAMICS,str, 1473, esc,1537, aa, -24, -157, 27, angle, 37.68,rpm,500,0, 0,0,ping,73.83,odo,250
2015-12-21 00:14:43.973478,TRACE_DYNAMICS,str, 1473, esc,1539, aa, -24, -156, 29, angle, 37.68,rpm,500,0, 0,0,ping,73.83,odo,250
2015-12-21 00:14:44.000911,TRACE_DYNAMICS,str, 1472, esc,1539, aa, -24, -157, 32, angle, 37.68,rpm,500,0, 0,0,ping,73.99,odo,250
2015-12-21 00:14:44.018199,TRACE_DYNAMICS,str, 1473, esc,1539, aa, -18, -154, 26, angle, 37.68,rpm,500,0, 0,0,ping,73.99,odo,250
2015-12-21 00:14:44.035377,TRACE_DYNAMICS,str, 1470, esc,1539, aa, -22, -156, 13, angle, 37.69,rpm,350,0, 0,0,ping,73.99,odo,250
2015-12-21 00:14:44.052562,TRACE_DYNAMICS,str, 1472, esc,1539, aa, -29, -156, 23, angle, 37.69,rpm,500,0, 0,0,ping,73.99,odo,250
2015-12-21 00:14:44.080106,TRACE_DYNAMICS,str, 1472, esc,1539, aa, -25, -158, 16, angle, 37.69,rpm,400,0, 0,0,ping,73.99,odo,250
2015-12-21 00:14:44.097476,TRACE_DYNAMICS,str, 1472, esc,1539, aa, -24, -159, 21, angle, 37.69,rpm,500,0, 0,0,ping,73.99,odo,250
2015-12-21 00:14:44.114900,TRACE_DYNAMICS,str, 1469, esc,1539, aa, -23, -153, 24, angle, 37.69,rpm,350,0, 0,0,ping,73.99,odo,250
2015-12-21 00:14:44.132119,TRACE_DYNAMICS,str, 1473, esc,1539, aa, -24, -151, 27, angle, 37.69,rpm,400,0, 0,0,ping,73.99,odo,250
2015-12-21 00:14:44.159596,TRACE_DYNAMICS,str, 1472, esc,1541, aa, -25, -152, 21, angle, 37.69,rpm,500,0, 0,0,ping,73.99,odo,250
2015-12-21 00:14:44.178029,TRACE_DYNAMICS,str, 1472, esc,1543, aa, -25, -157, 29, angle, 37.69,rpm,400,0, 0,0,ping,73.99,odo,250
2015-12-21 00:14:44.195662,TRACE_DYNAMICS,str, 1472, esc,1557, aa, -29, -158, 27, angle, 37.69,rpm,500,500, 10,10,ping,73.99,odo,250
2015-12-21 00:14:44.213110,TRACE_DYNAMICS,str, 1473, esc,1555, aa, -32, -154, 26, angle, 37.69,rpm,350,350, 7,17,ping,73.99,odo,250
2015-12-21 00:14:44.240659,TRACE_DYNAMICS,str, 1472, esc,1555, aa, -27, -148, 24, angle, 37.69,rpm,500,500, 10,27,ping,73.99,odo,250
2015-12-21 00:14:44.258011,TRACE_DYNAMICS,str, 1472, esc,1554, aa, -22, -149, 22, angle, 37.69,rpm,50,50, 1,28,ping,73.99,odo,250
2015-12-21 00:14:44.275162,TRACE_DYNAMICS,str, 1472, esc,1554, aa, 33, -167, 243, angle, 37.66,rpm,0,0, 0,28,ping,73.99,odo,250
2015-12-21 00:14:44.292503,TRACE_DYNAMICS,str, 1473, esc,1555, aa, 127, -234, 1005, angle, 37.51,rpm,0,0, 0,28,ping,73.79,odo,250
2015-12-21 00:14:44.320467,TRACE_DYNAMICS,str, 1473, esc,1555, aa, 351, -152, 2039, angle, 37.20,rpm,500,500, 10,38,ping,73.79,odo,251
2015-12-21 00:14:44.338031,TRACE_DYNAMICS,str, 1472, esc,1555, aa, 479, -151, 2144, angle, 36.98,rpm,400,400, 8,46,ping,73.79,odo,252
2015-12-21 00:14:44.355725,TRACE_DYNAMICS,str, 1472, esc,1555, aa, 422, -66, 2066, angle, 36.77,rpm,200,200, 4,50,ping,73.79,odo,254
2015-12-21 00:14:44.373428,TRACE_DYNAMICS,str, 1472, esc,1555, aa, 113, -133, 2230, angle, 36.45,rpm,250,250, 5,55,ping,73.79,odo,255
2015-12-21 00:14:44.401212,TRACE_DYNAMICS,str, 1472, esc,1555, aa, 212, -171, 2229, angle, 36.17,rpm,250,250, 5,60,ping,73.17,odo,257
2015-12-21 00:14:44.418789,TRACE_DYNAMICS,str, 1471, esc,1554, aa, 820, -87, 2528, angle, 35.85,rpm,300,300, 6,66,ping,73.17,odo,260
2015-12-21 00:14:44.436128,TRACE_DYNAMICS,str, 1472, esc,1555, aa, 21, -339, 2525, angle, 35.48,rpm,250,250, 5,71,ping,73.17,odo,262
2015-12-21 00:14:44.453787,TRACE_DYNAMICS,str, 1472, esc,1555, aa, -247, -413, 2221, angle, 35.34,rpm,250,250, 5,76,ping,73.17,odo,264
2015-12-21 00:14:44.481645,TRACE_DYNAMICS,str, 1473, esc,1555, aa, -444, -609, 1951, angle, 35.24,rpm,300,300, 6,82,ping,73.17,odo,268
2015-12-21 00:14:44.499257,TRACE_DYNAMICS,str, 1472, esc,1555, aa, 497, -531, 2111, angle, 35.13,rpm,200,200, 4,86,ping,71.32,odo,272
2015-12-21 00:14:44.516870,TRACE_DYNAMICS,str, 1472, esc,1554, aa, 956, -384, 1935, angle, 35.14,rpm,250,250, 5,91,ping,71.32,odo,276
2015-12-21 00:14:44.534337,TRACE_DYNAMICS,str, 1472, esc,1555, aa, -127, 39, 1868, angle, 35.12,rpm,250,250, 5,96,ping,71.32,odo,280
2015-12-21 00:14:44.552008,TRACE_DYNAMICS,str, 1472, esc,1555, aa, -454, -176, 1969, angle, 35.08,rpm,250,250, 5,101,ping,71.32,odo,284
2015-12-21 00:14:44.579908,TRACE_DYNAMICS,str, 1472, esc,1555, aa, 1167, -259, 2193, angle, 35.11,rpm,250,250, 5,106,ping,71.32,odo,288
2015-12-21 00:14:44.597557,TRACE_DYNAMICS,str, 1473, esc,1555, aa, 406, -406, 2153, angle, 35.11,rpm,200,200, 4,110,ping,68.55,odo,293
2015-12-21 00:14:44.616069,TRACE_DYNAMICS,str, 1457, esc,1555, aa, -53, -26, 1973, angle, 35.12,rpm,200,200, 4,114,ping,68.55,odo,298
2015-12-21 00:14:44.633648,TRACE_DYNAMICS,str, 1452, esc,1555, aa, -138, -136, 2049, angle, 35.06,rpm,200,200, 4,118,ping,68.55,odo,304
2015-12-21 00:14:44.651494,TRACE_DYNAMICS,str, 1440, esc,1555, aa, 302, -234, 2136, angle, 34.97,rpm,200,200, 4,122,ping,68.55,odo,310
2015-12-21 00:14:44.679258,TRACE_DYNAMICS,str, 1435, esc,1555, aa, 668, 19, 2023, angle, 35.00,rpm,250,250, 5,127,ping,68.55,odo,316
2015-12-21 00:14:44.696786,TRACE_DYNAMICS,str, 1427, esc,1555, aa, 404, 6, 1953, angle, 35.03,rpm,200,200, 4,131,ping,64.86,odo,322
2015-12-21 00:14:44.714449,TRACE_DYNAMICS,str, 1424, esc,1555, aa, 165, -115, 1800, angle, 35.02,rpm,250,250, 5,136,ping,64.86,odo,328
2015-12-21 00:14:44.732070,TRACE_DYNAMICS,str, 1410, esc,1555, aa, 352, -143, 1548, angle, 34.90,rpm,200,200, 4,140,ping,64.86,odo,334
2015-12-21 00:14:44.759950,TRACE_DYNAMICS,str, 1382, esc,1555, aa, -222, -391, 1590, angle, 34.62,rpm,250,250, 5,145,ping,64.86,odo,342
2015-12-21 00:14:44.777765,TRACE_DYNAMICS,str, 1370, esc,1554, aa, -173, -679, 1599, angle, 34.49,rpm,250,250, 5,150,ping,64.86,odo,348
2015-12-21 00:14:44.795575,TRACE_DYNAMICS,str, 1342, esc,1555, aa, 1136, -573, 1168, angle, 34.44,rpm,250,250, 5,155,ping,37.40,odo,356
2015-12-21 00:14:44.813171,TRACE_DYNAMICS,str, 1334, esc,1554, aa, 411, -554, 1448, angle, 34.11,rpm,250,250, 5,160,ping,37.40,odo,363
2015-12-21 00:14:44.840949,TRACE_DYNAMICS,str, 1316, esc,1555, aa, -1009, -709, 1559, angle, 33.92,rpm,300,300, 6,166,ping,37.40,odo,370
2015-12-21 00:14:44.858637,TRACE_DYNAMICS,str, 1310, esc,1555, aa, -367, -1046, 822, angle, 33.55,rpm,250,250, 5,171,ping,37.40,odo,378
2015-12-21 00:14:44.872886,TRACE_DYNAMICS,str, 1302, esc,1555, aa, -446, -1491, 1256, angle, 33.01,rpm,300,300, 6,177,ping,37.40,odo,386
2015-12-21 00:14:44.900970,TRACE_DYNAMICS,str, 1280, esc,1555, aa, -12, -1444, 1238, angle, 32.44,rpm,300,300, 6,183,ping,31.33,odo,394
2015-12-21 00:14:44.918645,TRACE_DYNAMICS,str, 1274, esc,1555, aa, 354, -1352, 912, angle, 31.94,rpm,300,300, 6,189,ping,31.33,odo,402
2015-12-21 00:14:44.936430,TRACE_DYNAMICS,str, 1253, esc,1555, aa, -46, -887, 1205, angle, 31.18,rpm,300,300, 6,195,ping,31.33,odo,410
2015-12-21 00:14:44.954064,TRACE_DYNAMICS,str, 1238, esc,1555, aa, 61, -902, 1236, angle, 30.60,rpm,300,300, 6,201,ping,31.33,odo,418
2015-12-21 00:14:44.971895,TRACE_DYNAMICS,str, 1229, esc,1555, aa, -387, -1020, 920, angle, 29.82,rpm,300,300, 6,207,ping,31.33,odo,426
2015-12-21 00:14:44.999781,TRACE_DYNAMICS,str, 1224, esc,1554, aa, -180, -1386, 904, angle, 28.81,rpm,350,350, 7,214,ping,33.82,odo,436
2015-12-21 00:14:45.017443,TRACE_DYNAMICS,str, 1222, esc,1555, aa, 286, -1905, 813, angle, 27.69,rpm,300,300, 6,220,ping,33.82,odo,444
2015-12-21 00:14:45.035048,TRACE_DYNAMICS,str, 1222, esc,1555, aa, 173, -1677, 1102, angle, 26.54,rpm,300,300, 6,226,ping,33.82,odo,452
2015-12-21 00:14:45.052715,TRACE_DYNAMICS,str, 1222, esc,1555, aa, -620, -1746, 582, angle, 25.45,rpm,350,350, 7,233,ping,33.82,odo,462
2015-12-21 00:14:45.070583,TRACE_DYNAMICS,str, 1222, esc,1554, aa, -722, -1965, 604, angle, 24.33,rpm,350,350, 7,240,ping,33.82,odo,470
2015-12-21 00:14:45.098524,TRACE_DYNAMICS,str, 1222, esc,1555, aa, -671, -2266, 779, angle, 22.97,rpm,350,350, 7,247,ping,27.78,odo,480
2015-12-21 00:14:45.116190,TRACE_DYNAMICS,str, 1222, esc,1554, aa, 722, -1644, 907, angle, 21.97,rpm,300,300, 6,253,ping,27.78,odo,489
2015-12-21 00:14:45.133901,TRACE_DYNAMICS,str, 1222, esc,1555, aa, -376, -1936, 781, angle, 20.71,rpm,350,350, 7,260,ping,27.78,odo,498
2015-12-21 00:14:45.151444,TRACE_DYNAMICS,str, 1222, esc,1555, aa, 37, -1475, 629, angle, 19.54,rpm,400,400, 8,268,ping,27.78,odo,508
2015-12-21 00:14:45.180603,TRACE_DYNAMICS,str, 1222, esc,1555, aa, -1367, -1887, 977, angle, 18.14,rpm,350,350, 7,275,ping,27.78,odo,518
2015-12-21 00:14:45.198296,TRACE_DYNAMICS,str, 1228, esc,1555, aa, 219, -2183, 482, angle, 17.02,rpm,350,350, 7,282,ping,30.20,odo,528
2015-12-21 00:14:45.215976,TRACE_DYNAMICS,str, 1260, esc,1551, aa, 234, -2005, 801, angle, 15.57,rpm,350,350, 7,289,ping,30.20,odo,538
2015-12-21 00:14:45.233517,TRACE_DYNAMICS,str, 1342, esc,1535, aa, -1128, -1868, 653, angle, 14.17,rpm,350,350, 7,296,ping,30.20,odo,548
2015-12-21 00:14:45.251213,TRACE_DYNAMICS,str, 1429, esc,1515, aa, -427, -2109, 364, angle, 12.78,rpm,400,400, 8,304,ping,30.20,odo,558
2015-12-21 00:14:45.279178,TRACE_DYNAMICS,str, 1476, esc,1499, aa, -401, -2183, 663, angle, 11.30,rpm,350,350, 7,311,ping,30.20,odo,568
2015-12-21 00:14:45.296951,TRACE_DYNAMICS,str, 1477, esc,1497, aa, -684, -1832, 1008, angle, 9.93,rpm,250,250, 5,316,ping,30.20,odo,578
2015-12-21 00:14:45.314501,TRACE_DYNAMICS,str, 1477, esc,1497, aa, 521, -797, 163, angle, 9.26,rpm,300,300, 6,322,ping,30.20,odo,589
2015-12-21 00:14:45.331875,TRACE_DYNAMICS,str, 1476, esc,1497, aa, -537, -161, -289, angle, 8.55,rpm,300,300, 6,328,ping,30.20,odo,600
2015-12-21 00:14:45.359710,TRACE_DYNAMICS,str, 1476, esc,1496, aa, 547, 678, -1238, angle, 8.28,rpm,250,250, 5,333,ping,30.20,odo,610
2015-12-21 00:14:45.377475,TRACE_DYNAMICS,str, 1477, esc,1496, aa, -1152, 552, -623, angle, 7.86,rpm,300,300, 6,339,ping,30.20,odo,620
2015-12-21 00:14:45.395101,TRACE_DYNAMICS,str, 1476, esc,1497, aa, 773, 730, -1428, angle, 8.28,rpm,400,400, 8,347,ping,30.20,odo,630
2015-12-21 00:14:45.412570,TRACE_DYNAMICS,str, 1476, esc,1497, aa, 131, 69, -1639, angle, 8.26,rpm,250,250, 5,352,ping,30.20,odo,640
2015-12-21 00:14:45.429941,TRACE_DYNAMICS,str, 1477, esc,1497, aa, 9, -84, -1647, angle, 8.47,rpm,300,300, 6,358,ping,30.20,odo,649
2015-12-21 00:14:45.457877,TRACE_DYNAMICS,str, 1477, esc,1497, aa, -1071, -209, -1551, angle, 8.73,rpm,300,300, 6,364,ping,30.20,odo,658
2015-12-21 00:14:45.475618,TRACE_DYNAMICS,str, 1476, esc,1497, aa, -262, -20, -1748, angle, 8.90,rpm,250,250, 5,369,ping,30.20,odo,667
2015-12-21 00:14:45.493316,TRACE_DYNAMICS,str, 1476, esc,1497, aa, -222, -228, -1719, angle, 9.10,rpm,250,250, 5,374,ping,30.20,odo,676
2015-12-21 00:14:45.511063,TRACE_DYNAMICS,str, 1476, esc,1497, aa, 115, -104, -1633, angle, 9.39,rpm,300,300, 6,380,ping,30.20,odo,684
2015-12-21 00:14:45.538819,TRACE_DYNAMICS,str, 1476, esc,1497, aa, 363, -290, -1811, angle, 9.73,rpm,200,200, 4,384,ping,30.20,odo,692
2015-12-21 00:14:45.556471,TRACE_DYNAMICS,str, 1477, esc,1497, aa, -275, -47, -1638, angle, 9.86,rpm,300,300, 6,390,ping,30.20,odo,700
2015-12-21 00:14:45.574396,TRACE_DYNAMICS,str, 1477, esc,1497, aa, -978, 161, -1287, angle, 10.04,rpm,200,200, 4,394,ping,30.20,odo,708
2015-12-21 00:14:45.592030,TRACE_DYNAMICS,str, 1476, esc,1497, aa, 121, -30, -1562, angle, 10.40,rpm,250,250, 5,399,ping,30.20,odo,716
2015-12-21 00:14:45.619860,TRACE_DYNAMICS,str, 1477, esc,1497, aa, 163, -45, -1552, angle, 10.55,rpm,350,350, 7,406,ping,30.20,odo,723
2015-12-21 00:14:45.637366,TRACE_DYNAMICS,str, 1476, esc,1496, aa, -1036, 11, -1221, angle, 10.57,rpm,200,200, 4,410,ping,30.20,odo,730
2015-12-21 00:14:45.655236,TRACE_DYNAMICS,str, 1476, esc,1497, aa, 239, -175, -1474, angle, 10.86,rpm,200,200, 4,414,ping,30.20,odo,736
2015-12-21 00:14:45.672883,TRACE_DYNAMICS,str, 1477, esc,1496, aa, 690, -21, -1619, angle, 11.05,rpm,300,300, 6,420,ping,30.20,odo,744
2015-12-21 00:14:45.700774,TRACE_DYNAMICS,str, 1476, esc,1497, aa, -1102, 1, -1205, angle, 11.16,rpm,200,200, 4,424,ping,30.20,odo,750
2015-12-21 00:14:45.718414,TRACE_DYNAMICS,str, 1476, esc,1495, aa, -432, 16, -1317, angle, 11.34,rpm,200,200, 4,428,ping,30.20,odo,756
2015-12-21 00:14:45.736051,TRACE_DYNAMICS,str, 1476, esc,1497, aa, 179, -345, -1632, angle, 11.45,rpm,200,200, 4,432,ping,30.20,odo,762
2015-12-21 00:14:45.753925,TRACE_DYNAMICS,str, 1476, esc,1497, aa, -520, -159, -1160, angle, 11.57,rpm,300,300, 6,438,ping,30.20,odo,768
2015-12-21 00:14:45.771666,TRACE_DYNAMICS,str, 1476, esc,1497, aa, -364, -22, -1135, angle, 11.82,rpm,200,200, 4,442,ping,30.20,odo,774
2015-12-21 00:14:45.799619,TRACE_DYNAMICS,str, 1476, esc,1497, aa, 227, -208, -1404, angle, 12.01,rpm,150,150, 3,445,ping,30.20,odo,780
2015-12-21 00:14:45.817363,TRACE_DYNAMICS,str, 1476, esc,1497, aa, 370, -165, -1515, angle, 12.15,rpm,200,200, 4,449,ping,30.20,odo,786
2015-12-21 00:14:45.834869,TRACE_DYNAMICS,str, 1476, esc,1497, aa, -349, -20, -1251, angle, 12.21,rpm,150,150, 3,452,ping,30.20,odo,790
2015-12-21 00:14:45.852481,TRACE_DYNAMICS,str, 1476, esc,1496, aa, -623, 46, -1021, angle, 12.34,rpm,150,150, 3,455,ping,30.20,odo,796
2015-12-21 00:14:45.880333,TRACE_DYNAMICS,str, 1476, esc,1497, aa, -367, 30, -973, angle, 12.41,rpm,150,150, 3,458,ping,30.20,odo,800
2015-12-21 00:14:45.898097,TRACE_DYNAMICS,str, 1476, esc,1497, aa, 60, -42, -1053, angle, 12.51,rpm,200,200, 4,462,ping,30.20,odo,806
2015-12-21 00:14:45.915822,TRACE_DYNAMICS,str, 1475, esc,1496, aa, 207, -145, -1115, angle, 12.66,rpm,200,200, 4,466,ping,30.20,odo,810
2015-12-21 00:14:45.933309,TRACE_DYNAMICS,str, 1476, esc,1496, aa, -345, -110, -1016, angle, 12.70,rpm,250,250, 5,471,ping,30.20,odo,814
2015-12-21 00:14:45.951009,TRACE_DYNAMICS,str, 1476, esc,1497, aa, -550, -57, -984, angle, 12.74,rpm,250,250, 5,476,ping,30.20,odo,819
2015-12-21 00:14:45.978969,TRACE_DYNAMICS,str, 1476, esc,1497, aa, -285, -142, -1017, angle, 12.77,rpm,250,250, 5,481,ping,30.20,odo,824
2015-12-21 00:14:45.996704,TRACE_DYNAMICS,str, 1476, esc,1497, aa, 112, -266, -990, angle, 12.91,rpm,200,200, 4,485,ping,30.20,odo,828
2015-12-21 00:14:46.014452,TRACE_DYNAMICS,str, 1476, esc,1497, aa, 168, -288, -1085, angle, 13.07,rpm,300,300, 6,491,ping,30.20,odo,832
2015-12-21 00:14:46.031687,TRACE_DYNAMICS,str, 1476, esc,1497, aa, 55, 99, -1062, angle, 13.12,rpm,400,400, 8,499,ping,30.20,odo,836
2015-12-21 00:14:46.059777,TRACE_DYNAMICS,str, 1476, esc,1496, aa, -348, 170, -879, angle, 13.17,rpm,300,300, 6,505,ping,30.20,odo,839
2015-12-21 00:14:46.077589,TRACE_DYNAMICS,str, 1477, esc,1497, aa, -459, -178, -904, angle, 13.23,rpm,500,500, 10,515,ping,30.20,odo,842
2015-12-21 00:14:46.095347,TRACE_DYNAMICS,str, 1477, esc,1496, aa, -461, -345, -867, angle, 13.31,rpm,200,200, 4,519,ping,30.20,odo,846
2015-12-21 00:14:46.113109,TRACE_DYNAMICS,str, 1476, esc,1498, aa, 237, -194, -1016, angle, 13.40,rpm,500,500, 10,529,ping,30.20,odo,849
2015-12-21 00:14:46.130429,TRACE_DYNAMICS,str, 1477, esc,1496, aa, 65, -36, -981, angle, 13.41,rpm,450,450, 9,538,ping,30.20,odo,852
2015-12-21 00:14:46.158331,TRACE_DYNAMICS,str, 1477, esc,1497, aa, -352, -24, -803, angle, 13.44,rpm,500,500, 10,548,ping,30.20,odo,856
2015-12-21 00:14:46.176160,TRACE_DYNAMICS,str, 1476, esc,1497, aa, -259, -284, -861, angle, 13.54,rpm,350,350, 7,555,ping,30.20,odo,858
2015-12-21 00:14:46.193887,TRACE_DYNAMICS,str, 1476, esc,1497, aa, -229, -252, -792, angle, 13.63,rpm,400,400, 8,563,ping,30.20,odo,860
2015-12-21 00:14:46.211480,TRACE_DYNAMICS,str, 1477, esc,1497, aa, -144, -38, -774, angle, 13.79,rpm,350,350, 7,570,ping,30.20,odo,864
2015-12-21 00:14:46.239020,TRACE_DYNAMICS,str, 1476, esc,1497, aa, 10, -131, -920, angle, 13.90,rpm,350,350, 7,577,ping,30.20,odo,866
2015-12-21 00:14:46.256573,TRACE_DYNAMICS,str, 1476, esc,1497, aa, 24, -76, -892, angle, 13.94,rpm,450,450, 9,586,ping,30.20,odo,868
2015-12-21 00:14:46.274255,TRACE_DYNAMICS,str, 1476, esc,1497, aa, -70, -35, -713, angle, 13.99,rpm,350,350, 7,593,ping,30.20,odo,871
2015-12-21 00:14:46.291912,TRACE_DYNAMICS,str, 1476, esc,1497, aa, -89, -258, -794, angle, 14.04,rpm,400,400, 8,601,ping,30.20,odo,873
2015-12-21 00:14:46.319737,TRACE_DYNAMICS,str, 1476, esc,1497, aa, -99, -186, -851, angle, 14.08,rpm,250,250, 5,606,ping,30.20,odo,876
2015-12-21 00:14:46.337285,TRACE_DYNAMICS,str, 1477, esc,1497, aa, -18, -23, -776, angle, 14.15,rpm,400,400, 8,614,ping,30.20,odo,878
2015-12-21 00:14:46.355001,TRACE_DYNAMICS,str, 1477, esc,1496, aa, -27, -135, -812, angle, 14.19,rpm,350,350, 7,621,ping,30.20,odo,880
2015-12-21 00:14:46.372772,TRACE_DYNAMICS,str, 1476, esc,1497, aa, -144, -127, -817, angle, 14.22,rpm,400,400, 8,629,ping,30.20,odo,881
2015-12-21 00:14:46.400670,TRACE_DYNAMICS,str, 1476, esc,1497, aa, -192, -43, -757, angle, 14.24,rpm,300,300, 6,635,ping,30.20,odo,883
2015-12-21 00:14:46.418362,TRACE_DYNAMICS,str, 1476, esc,1497, aa, -177, -35, -676, angle, 14.30,rpm,400,400, 8,643,ping,30.20,odo,884
2015-12-21 00:14:46.435872,TRACE_DYNAMICS,str, 1476, esc,1496, aa, -169, -237, -692, angle, 14.33,rpm,300,300, 6,649,ping,30.20,odo,886
2015-12-21 00:14:46.453611,TRACE_DYNAMICS,str, 1476, esc,1497, aa, -291, -254, -612, angle, 14.34,rpm,300,300, 6,655,ping,30.20,odo,888
2015-12-21 00:14:46.471395,TRACE_DYNAMICS,str, 1477, esc,1497, aa, -149, -37, -607, angle, 14.39,rpm,350,350, 7,662,ping,30.20,odo,888
2015-12-21 00:14:46.499104,TRACE_DYNAMICS,str, 1477, esc,1496, aa, -1, -5, -616, angle, 14.40,rpm,250,250, 5,667,ping,30.20,odo,890
2015-12-21 00:14:46.516781,TRACE_DYNAMICS,str, 1476, esc,1497, aa, -75, -110, -573, angle, 14.41,rpm,350,350, 7,674,ping,30.20,odo,892
2015-12-21 00:14:46.534280,TRACE_DYNAMICS,str, 1477, esc,1496, aa, -156, -153, -572, angle, 14.44,rpm,250,250, 5,679,ping,30.20,odo,892
2015-12-21 00:14:46.551915,TRACE_DYNAMICS,str, 1476, esc,1497, aa, -112, -150, -555, angle, 14.44,rpm,200,200, 4,683,ping,30.20,odo,894
2015-12-21 00:14:46.579839,TRACE_DYNAMICS,str, 1476, esc,1497, aa, -83, -140, -521, angle, 14.46,rpm,500,500, 10,693,ping,30.20,odo,894
2015-12-21 00:14:46.597639,TRACE_DYNAMICS,str, 1476, esc,1497, aa, -123, -117, -568, angle, 14.48,rpm,400,400, 8,701,ping,30.20,odo,896
2015-12-21 00:14:46.616311,TRACE_DYNAMICS,str, 1476, esc,1496, aa, -116, -106, -543, angle, 14.47,rpm,450,450, 9,710,ping,30.20,odo,896
2015-12-21 00:14:46.633848,TRACE_DYNAMICS,str, 1476, esc,1496, aa, -36, -118, -569, angle, 14.48,rpm,500,500, 10,720,ping,30.20,odo,896
2015-12-21 00:14:46.651451,TRACE_DYNAMICS,str, 1476, esc,1497, aa, -77, -154, -536, angle, 14.49,rpm,450,450, 9,729,ping,30.20,odo,898
2015-12-21 00:14:46.679464,TRACE_DYNAMICS,str, 1476, esc,1497, aa, -115, -139, -535, angle, 14.53,rpm,500,500, 10,739,ping,30.20,odo,898
2015-12-21 00:14:46.697187,TRACE_DYNAMICS,str, 1476, esc,1497, aa, -76, -102, -480, angle, 14.53,rpm,200,200, 4,743,ping,30.20,odo,898
2015-12-21 00:14:46.714917,TRACE_DYNAMICS,str, 1476, esc,1497, aa, -125, -102, -668, angle, 14.57,rpm,400,400, 8,751,ping,30.20,odo,899
2015-12-21 00:14:46.732385,TRACE_DYNAMICS,str, 1476, esc,1497, aa, -67, -163, -749, angle, 14.63,rpm,500,500, 10,761,ping,30.20,odo,900
2015-12-21 00:14:46.760229,TRACE_DYNAMICS,str, 1475, esc,1496, aa, -160, -117, -463, angle, 14.59,rpm,450,450, 9,770,ping,30.20,odo,900
2015-12-21 00:14:46.778224,TRACE_DYNAMICS,str, 1476, esc,1496, aa, -39, -97, -431, angle, 14.59,rpm,350,350, 7,777,ping,30.20,odo,900
2015-12-21 00:14:46.795963,TRACE_DYNAMICS,str, 1477, esc,1497, aa, -65, -151, -620, angle, 14.63,rpm,150,150, 3,780,ping,30.20,odo,900
2015-12-21 00:14:46.813464,TRACE_DYNAMICS,str, 1476, esc,1496, aa, -187, -130, -718, angle, 14.65,rpm,0,0, 0,780,ping,30.20,odo,900
2015-12-21 00:14:46.830552,TRACE_DYNAMICS,str, 1476, esc,1496, aa, -53, -88, -796, angle, 14.69,rpm,0,0, 0,780,ping,30.20,odo,900
2015-12-21 00:14:46.858180,TRACE_DYNAMICS,str, 1475, esc,1496, aa, -113, -116, -708, angle, 14.70,rpm,0,0, 0,780,ping,30.20,odo,900
2015-12-21 00:14:46.875890,TRACE_DYNAMICS,str, 1474, esc,1496, aa, -130, -133, -544, angle, 14.70,rpm,0,0, 0,780,ping,30.20,odo,900
2015-12-21 00:14:46.893365,TRACE_DYNAMICS,str, 1478, esc,1496, aa, -36, -126, -368, angle, 14.68,rpm,0,0, 0,780,ping,30.20,odo,900
2015-12-21 00:14:46.921114,TRACE_DYNAMICS,str, 1476, esc,1497, aa, -73, -117, -172, angle, 14.64,rpm,450,0, 0,780,ping,30.20,odo,899
2015-12-21 00:14:46.938549,TRACE_DYNAMICS,str, 1477, esc,1497, aa, -24, -133, -74, angle, 14.61,rpm,250,0, 0,780,ping,30.20,odo,899
2015-12-21 00:14:46.955988,TRACE_DYNAMICS,str, 1476, esc,1497, aa, -20, -140, -9, angle, 14.56,rpm,100,0, 0,780,ping,30.20,odo,898
2015-12-21 00:14:46.973228,TRACE_DYNAMICS,str, 1476, esc,1497, aa, -23, -122, 40, angle, 14.52,rpm,0,0, 0,780,ping,30.20,odo,898
2015-12-21 00:14:47.000720,TRACE_DYNAMICS,str, 1477, esc,1497, aa, -7, -139, 65, angle, 14.48,rpm,0,0, 0,780,ping,30.20,odo,898
2015-12-21 00:14:47.017962,TRACE_DYNAMICS,str, 1477, esc,1497, aa, -9, -164, 91, angle, 14.43,rpm,0,0, 0,780,ping,30.20,odo,898
2015-12-21 00:14:47.034965,TRACE_DYNAMICS,str, 1476, esc,1497, aa, -6, -141, 87, angle, 14.40,rpm,0,0, 0,780,ping,30.20,odo,898
2015-12-21 00:14:47.052229,TRACE_DYNAMICS,str, 1476, esc,1497, aa, -17, -123, 93, angle, 14.35,rpm,0,0, 0,780,ping,30.20,odo,898
2015-12-21 00:14:47.079601,TRACE_DYNAMICS,str, 1476, esc,1497, aa, -9, -139, 81, angle, 14.32,rpm,0,0, 0,780,ping,30.20,odo,898
2015-12-21 00:14:47.096998,TRACE_DYNAMICS,str, 1476, esc,1497, aa, -10, -154, 78, angle, 14.28,rpm,0,0, 0,780,ping,30.20,odo,898
2015-12-21 00:14:47.114340,TRACE_DYNAMICS,str, 1477, esc,1497, aa, -23, -140, 79, angle, 14.24,rpm,0,0, 0,780,ping,30.20,odo,898
2015-12-21 00:14:47.131356,TRACE_DYNAMICS,str, 1476, esc,1497, aa, -10, -135, 75, angle, 14.21,rpm,0,0, 0,780,ping,30.20,odo,897
2015-12-21 00:14:47.158784,TRACE_DYNAMICS,str, 1477, esc,1498, aa, -21, -150, 87, angle, 14.18,rpm,0,0, 0,780,ping,30.20,odo,897
2015-12-21 00:14:47.176091,TRACE_DYNAMICS,str, 1477, esc,1496, aa, -11, -141, 91, angle, 14.15,rpm,0,0, 0,780,ping,30.20,odo,897
2015-12-21 00:14:47.193325,TRACE_DYNAMICS,str, 1476, esc,1497, aa, -7, -123, 90, angle, 14.11,rpm,0,0, 0,780,ping,30.20,odo,897
2015-12-21 00:14:47.220833,TRACE_DYNAMICS,str, 1477, esc,1497, aa, -4, -128, 108, angle, 14.08,rpm,0,0, 0,780,ping,30.20,odo,897
2015-12-21 00:14:47.237825,TRACE_DYNAMICS,str, 1477, esc,1497, aa, -6, -145, 121, angle, 14.05,rpm,0,0, 0,780,ping,30.20,odo,897
2015-12-21 00:14:47.255210,TRACE_DYNAMICS,str, 1477, esc,1496, aa, -10, -143, 108, angle, 14.01,rpm,0,0, 0,780,ping,30.20,odo,897
2015-12-21 00:14:47.272402,TRACE_DYNAMICS,str, 1477, esc,1497, aa, -12, -140, 95, angle, 13.98,rpm,0,0, 0,780,ping,30.20,odo,897
2015-12-21 00:14:47.299873,TRACE_DYNAMICS,str, 1476, esc,1497, aa, -17, -141, 81, angle, 13.95,rpm,0,0, 0,780,ping,30.20,odo,897
2015-12-21 00:14:47.317184,TRACE_DYNAMICS,str, 1477, esc,1496, aa, -17, -148, 62, angle, 13.92,rpm,0,0, 0,780,ping,30.20,odo,897
2015-12-21 00:14:47.334228,TRACE_DYNAMICS,str, 1477, esc,1497, aa, -23, -145, 32, angle, 13.89,rpm,0,0, 0,780,ping,30.20,odo,897
2015-12-21 00:14:47.351463,TRACE_DYNAMICS,str, 1476, esc,1497, aa, -22, -144, 7, angle, 13.87,rpm,0,0, 0,780,ping,30.20,odo,897
2015-12-21 00:14:47.379036,TRACE_DYNAMICS,str, 1477, esc,1497, aa, -20, -144, -3, angle, 13.85,rpm,0,0, 0,780,ping,30.20,odo,897
2015-12-21 00:14:47.396456,TRACE_DYNAMICS,str, 1476, esc,1497, aa, -18, -151, -16, angle, 13.83,rpm,0,0, 0,780,ping,30.20,odo,897
2015-12-21 00:14:47.413893,TRACE_DYNAMICS,str, 1477, esc,1497, aa, -15, -148, -29, angle, 13.81,rpm,0,0, 0,780,ping,30.20,odo,897
2015-12-21 00:14:47.431065,TRACE_DYNAMICS,str, 1477, esc,1497, aa, -16, -142, -38, angle, 13.79,rpm,0,0, 0,780,ping,30.20,odo,897
2015-12-21 00:14:47.458707,TRACE_DYNAMICS,str, 1477, esc,1497, aa, -22, -138, -57, angle, 13.77,rpm,0,0, 0,780,ping,30.20,odo,897
2015-12-21 00:14:47.476080,TRACE_DYNAMICS,str, 1476, esc,1497, aa, -20, -131, -45, angle, 13.75,rpm,0,0, 0,780,ping,30.20,odo,897
2015-12-21 00:14:47.493589,TRACE_DYNAMICS,str, 1477, esc,1497, aa, -19, -138, -43, angle, 13.74,rpm,0,0, 0,780,ping,30.20,odo,897
2015-12-21 00:14:47.521086,TRACE_DYNAMICS,str, 1476, esc,1497, aa, -17, -135, -43, angle, 13.72,rpm,0,0, 0,780,ping,30.20,odo,897
2015-12-21 00:14:47.538405,TRACE_DYNAMICS,str, 1474, esc,1497, aa, -19, -139, -43, angle, 13.70,rpm,0,0, 0,780,ping,30.20,odo,897
2015-12-21 00:14:47.555703,TRACE_DYNAMICS,str, 1474, esc,1495, aa, -28, -137, -40, angle, 13.69,rpm,0,0, 0,780,ping,30.20,odo,897
2015-12-21 00:14:47.573035,TRACE_DYNAMICS,str, 1477, esc,1497, aa, -32, -138, -27, angle, 13.66,rpm,0,0, 0,780,ping,30.20,odo,897
2015-12-21 00:14:47.600586,TRACE_DYNAMICS,str, 1476, esc,1497, aa, -28, -139, -30, angle, 13.64,rpm,0,0, 0,780,ping,30.20,odo,897
2015-12-21 00:14:47.617951,TRACE_DYNAMICS,str, 1477, esc,1497, aa, -28, -139, -17, angle, 13.63,rpm,0,0, 0,780,ping,30.20,odo,897
2015-12-21 00:14:47.635030,TRACE_DYNAMICS,str, 1477, esc,1497, aa, -24, -145, -6, angle, 13.60,rpm,0,0, 0,780,ping,30.20,odo,897
2015-12-21 00:14:47.652299,TRACE_DYNAMICS,str, 1477, esc,1497, aa, -22, -139, -3, angle, 13.58,rpm,0,0, 0,780,ping,30.20,odo,897
2015-12-21 00:14:47.679658,TRACE_DYNAMICS,str, 1477, esc,1498, aa, -24, -143, 1, angle, 13.56,rpm,0,0, 0,780,ping,30.20,odo,897
2015-12-21 00:14:47.697128,TRACE_DYNAMICS,str, 1477, esc,1497, aa, -24, -144, 14, angle, 13.54,rpm,0,0, 0,780,ping,30.20,odo,897
2015-12-21 00:14:47.714452,TRACE_DYNAMICS,str, 1476, esc,1497, aa, -24, -139, 19, angle, 13.52,rpm,0,0, 0,780,ping,30.20,odo,897
2015-12-21 00:14:47.731399,TRACE_DYNAMICS,str, 1477, esc,1496, aa, -22, -138, 9, angle, 13.50,rpm,0,0, 0,780,ping,30.20,odo,897
2015-12-21 00:14:47.758801,TRACE_DYNAMICS,str, 1476, esc,1497, aa, -17, -144, 11, angle, 13.48,rpm,0,0, 0,780,ping,30.20,odo,897
2015-12-21 00:14:47.776164,TRACE_DYNAMICS,str, 1477, esc,1497, aa, -20, -144, 5, angle, 13.47,rpm,0,0, 0,780,ping,30.20,odo,897
2015-12-21 00:14:47.793371,TRACE_DYNAMICS,str, 1476, esc,1497, aa, -18, -148, 5, angle, 13.44,rpm,0,0, 0,780,ping,30.20,odo,897
2015-12-21 00:14:47.820826,TRACE_DYNAMICS,str, 1476, esc,1497, aa, -19, -139, 11, angle, 13.42,rpm,0,0, 0,780,ping,30.20,odo,897
2015-12-21 00:14:47.837797,TRACE_DYNAMICS,str, 1476, esc,1497, aa, -23, -146, 2, angle, 13.41,rpm,0,0, 0,780,ping,30.20,odo,897
2015-12-21 00:14:47.855101,TRACE_DYNAMICS,str, 1476, esc,1495, aa, -25, -142, -8, angle, 13.39,rpm,0,0, 0,780,ping,30.20,odo,897
2015-12-21 00:14:47.872589,TRACE_DYNAMICS,str, 1477, esc,1497, aa, -25, -142, -28, angle, 13.38,rpm,0,0, 0,780,ping,30.20,odo,897
2015-12-21 00:14:47.900121,TRACE_DYNAMICS,str, 1476, esc,1497, aa, -19, -134, -31, angle, 13.36,rpm,0,0, 0,780,ping,30.20,odo,897
2015-12-21 00:14:47.917504,TRACE_DYNAMICS,str, 1476, esc,1497, aa, -20, -139, -28, angle, 13.35,rpm,0,0, 0,780,ping,30.20,odo,897
2015-12-21 00:14:47.934670,TRACE_DYNAMICS,str, 1476, esc,1497, aa, -26, -140, -25, angle, 13.33,rpm,0,0, 0,780,ping,30.20,odo,897
2015-12-21 00:14:47.951892,TRACE_DYNAMICS,str, 1477, esc,1497, aa, -21, -141, -28, angle, 13.32,rpm,0,0, 0,780,ping,30.20,odo,897
2015-12-21 00:14:47.979498,TRACE_DYNAMICS,str, 1477, esc,1497, aa, -21, -145, -25, angle, 13.30,rpm,0,0, 0,780,ping,30.20,odo,897
2015-12-21 00:14:47.996841,TRACE_DYNAMICS,str, 1476, esc,1497, aa, -27, -144, -15, angle, 13.29,rpm,0,0, 0,780,ping,30.20,odo,897
